,Filename,Count,Path
0,debug_2.py,0,\debug_2.py
1,plot1.py,0,\plot1.py
2,setup.py,0,\setup.py
3,conf.py,0,\Doc\conf.py
4,custom.c,0,\Doc\includes\custom.c
5,custom2.c,0,\Doc\includes\custom2.c
6,custom3.c,0,\Doc\includes\custom3.c
7,custom4.c,0,\Doc\includes\custom4.c
8,dbpickle.py,0,\Doc\includes\dbpickle.py
9,email-alternative.py,0,\Doc\includes\email-alternative.py
10,email-dir.py,0,\Doc\includes\email-dir.py
11,email-headers.py,0,\Doc\includes\email-headers.py
12,email-mime.py,0,\Doc\includes\email-mime.py
13,email-read-alternative.py,0,\Doc\includes\email-read-alternative.py
14,email-simple.py,0,\Doc\includes\email-simple.py
15,email-unpack.py,0,\Doc\includes\email-unpack.py
16,minidom-example.py,0,\Doc\includes\minidom-example.py
17,mp_newtype.py,0,\Doc\includes\mp_newtype.py
18,mp_pool.py,0,\Doc\includes\mp_pool.py
19,mp_workers.py,0,\Doc\includes\mp_workers.py
20,run-func.c,0,\Doc\includes\run-func.c
21,setup.py,0,\Doc\includes\setup.py
22,sublist.c,0,\Doc\includes\sublist.c
23,turtle-star.py,0,\Doc\includes\turtle-star.py
24,tzinfo_examples.py,0,\Doc\includes\tzinfo_examples.py
25,adapter_datetime.py,0,\Doc\includes\sqlite3\adapter_datetime.py
26,adapter_point_1.py,0,\Doc\includes\sqlite3\adapter_point_1.py
27,adapter_point_2.py,0,\Doc\includes\sqlite3\adapter_point_2.py
28,blob.py,0,\Doc\includes\sqlite3\blob.py
29,collation_reverse.py,0,\Doc\includes\sqlite3\collation_reverse.py
30,complete_statement.py,0,\Doc\includes\sqlite3\complete_statement.py
31,converter_point.py,0,\Doc\includes\sqlite3\converter_point.py
32,ctx_manager.py,0,\Doc\includes\sqlite3\ctx_manager.py
33,executemany_1.py,0,\Doc\includes\sqlite3\executemany_1.py
34,executemany_2.py,0,\Doc\includes\sqlite3\executemany_2.py
35,executescript.py,0,\Doc\includes\sqlite3\executescript.py
36,execute_1.py,0,\Doc\includes\sqlite3\execute_1.py
37,load_extension.py,0,\Doc\includes\sqlite3\load_extension.py
38,md5func.py,0,\Doc\includes\sqlite3\md5func.py
39,mysumaggr.py,0,\Doc\includes\sqlite3\mysumaggr.py
40,pysqlite_datetime.py,0,\Doc\includes\sqlite3\pysqlite_datetime.py
41,rowclass.py,0,\Doc\includes\sqlite3\rowclass.py
42,row_factory.py,0,\Doc\includes\sqlite3\row_factory.py
43,shortcut_methods.py,0,\Doc\includes\sqlite3\shortcut_methods.py
44,sumintwindow.py,0,\Doc\includes\sqlite3\sumintwindow.py
45,text_factory.py,0,\Doc\includes\sqlite3\text_factory.py
46,rstlint.py,0,\Doc\tools\rstlint.py
47,asdl_highlight.py,0,\Doc\tools\extensions\asdl_highlight.py
48,c_annotations.py,0,\Doc\tools\extensions\c_annotations.py
49,escape4chm.py,0,\Doc\tools\extensions\escape4chm.py
50,glossary_search.py,0,\Doc\tools\extensions\glossary_search.py
51,patchlevel.py,0,\Doc\tools\extensions\patchlevel.py
52,peg_highlight.py,0,\Doc\tools\extensions\peg_highlight.py
53,pyspecific.py,0,\Doc\tools\extensions\pyspecific.py
54,suspicious.py,0,\Doc\tools\extensions\suspicious.py
55,blocksort.c,0,\externals\bzip2-1.0.8\blocksort.c
56,bzip2.c,0,\externals\bzip2-1.0.8\bzip2.c
57,bzip2recover.c,0,\externals\bzip2-1.0.8\bzip2recover.c
58,bzlib.c,0,\externals\bzip2-1.0.8\bzlib.c
59,compress.c,0,\externals\bzip2-1.0.8\compress.c
60,crctable.c,0,\externals\bzip2-1.0.8\crctable.c
61,decompress.c,0,\externals\bzip2-1.0.8\decompress.c
62,huffman.c,0,\externals\bzip2-1.0.8\huffman.c
63,mk251.c,0,\externals\bzip2-1.0.8\mk251.c
64,randtable.c,0,\externals\bzip2-1.0.8\randtable.c
65,spewG.c,0,\externals\bzip2-1.0.8\spewG.c
66,unzcrash.c,0,\externals\bzip2-1.0.8\unzcrash.c
67,applink.c,0,\externals\openssl-bin-1.1.1n\amd64\include\applink.c
68,applink.c,0,\externals\openssl-bin-1.1.1n\arm32\include\applink.c
69,applink.c,0,\externals\openssl-bin-1.1.1n\arm64\include\applink.c
70,applink.c,0,\externals\openssl-bin-1.1.1n\win32\include\applink.c
71,shell.c,0,\externals\sqlite-3.38.1.0\shell.c
72,sqlite3.c,0,\externals\sqlite-3.38.1.0\sqlite3.c
73,nmakehlp.c,0,\externals\tcltk-8.6.12.1\amd64\lib\nmake\nmakehlp.c
74,WmDefault.py,0,\externals\tcltk-8.6.12.1\amd64\lib\tix8.4.3\pref\WmDefault.py
75,nmakehlp.c,0,\externals\tcltk-8.6.12.1\arm64\lib\nmake\nmakehlp.c
76,WmDefault.py,0,\externals\tcltk-8.6.12.1\arm64\lib\tix8.4.3\pref\WmDefault.py
77,nmakehlp.c,0,\externals\tcltk-8.6.12.1\win32\lib\nmake\nmakehlp.c
78,WmDefault.py,0,\externals\tcltk-8.6.12.1\win32\lib\tix8.4.3\pref\WmDefault.py
79,crc32.c,0,\externals\xz-5.2.5\debug\crc32.c
80,full_flush.c,0,\externals\xz-5.2.5\debug\full_flush.c
81,hex2bin.c,0,\externals\xz-5.2.5\debug\hex2bin.c
82,known_sizes.c,0,\externals\xz-5.2.5\debug\known_sizes.c
83,memusage.c,0,\externals\xz-5.2.5\debug\memusage.c
84,repeat.c,0,\externals\xz-5.2.5\debug\repeat.c
85,sync_flush.c,0,\externals\xz-5.2.5\debug\sync_flush.c
86,01_compress_easy.c,0,\externals\xz-5.2.5\doc\examples\01_compress_easy.c
87,02_decompress.c,0,\externals\xz-5.2.5\doc\examples\02_decompress.c
88,03_compress_custom.c,0,\externals\xz-5.2.5\doc\examples\03_compress_custom.c
89,04_compress_easy_mt.c,0,\externals\xz-5.2.5\doc\examples\04_compress_easy_mt.c
90,xz_pipe_comp.c,0,\externals\xz-5.2.5\doc\examples_old\xz_pipe_comp.c
91,xz_pipe_decomp.c,0,\externals\xz-5.2.5\doc\examples_old\xz_pipe_decomp.c
92,scanlzma.c,0,\externals\xz-5.2.5\extra\scanlzma\scanlzma.c
93,getopt.c,0,\externals\xz-5.2.5\lib\getopt.c
94,getopt1.c,0,\externals\xz-5.2.5\lib\getopt1.c
95,tuklib_cpucores.c,0,\externals\xz-5.2.5\src\common\tuklib_cpucores.c
96,tuklib_exit.c,0,\externals\xz-5.2.5\src\common\tuklib_exit.c
97,tuklib_mbstr_fw.c,0,\externals\xz-5.2.5\src\common\tuklib_mbstr_fw.c
98,tuklib_mbstr_width.c,0,\externals\xz-5.2.5\src\common\tuklib_mbstr_width.c
99,tuklib_open_stdxxx.c,0,\externals\xz-5.2.5\src\common\tuklib_open_stdxxx.c
100,tuklib_physmem.c,0,\externals\xz-5.2.5\src\common\tuklib_physmem.c
101,tuklib_progname.c,0,\externals\xz-5.2.5\src\common\tuklib_progname.c
102,check.c,0,\externals\xz-5.2.5\src\liblzma\check\check.c
103,crc32_fast.c,0,\externals\xz-5.2.5\src\liblzma\check\crc32_fast.c
104,crc32_small.c,0,\externals\xz-5.2.5\src\liblzma\check\crc32_small.c
105,crc32_table.c,0,\externals\xz-5.2.5\src\liblzma\check\crc32_table.c
106,crc32_tablegen.c,0,\externals\xz-5.2.5\src\liblzma\check\crc32_tablegen.c
107,crc64_fast.c,0,\externals\xz-5.2.5\src\liblzma\check\crc64_fast.c
108,crc64_small.c,0,\externals\xz-5.2.5\src\liblzma\check\crc64_small.c
109,crc64_table.c,0,\externals\xz-5.2.5\src\liblzma\check\crc64_table.c
110,crc64_tablegen.c,0,\externals\xz-5.2.5\src\liblzma\check\crc64_tablegen.c
111,sha256.c,0,\externals\xz-5.2.5\src\liblzma\check\sha256.c
112,alone_decoder.c,0,\externals\xz-5.2.5\src\liblzma\common\alone_decoder.c
113,alone_encoder.c,0,\externals\xz-5.2.5\src\liblzma\common\alone_encoder.c
114,auto_decoder.c,0,\externals\xz-5.2.5\src\liblzma\common\auto_decoder.c
115,block_buffer_decoder.c,0,\externals\xz-5.2.5\src\liblzma\common\block_buffer_decoder.c
116,block_buffer_encoder.c,0,\externals\xz-5.2.5\src\liblzma\common\block_buffer_encoder.c
117,block_decoder.c,0,\externals\xz-5.2.5\src\liblzma\common\block_decoder.c
118,block_encoder.c,0,\externals\xz-5.2.5\src\liblzma\common\block_encoder.c
119,block_header_decoder.c,0,\externals\xz-5.2.5\src\liblzma\common\block_header_decoder.c
120,block_header_encoder.c,0,\externals\xz-5.2.5\src\liblzma\common\block_header_encoder.c
121,block_util.c,0,\externals\xz-5.2.5\src\liblzma\common\block_util.c
122,common.c,0,\externals\xz-5.2.5\src\liblzma\common\common.c
123,easy_buffer_encoder.c,0,\externals\xz-5.2.5\src\liblzma\common\easy_buffer_encoder.c
124,easy_decoder_memusage.c,0,\externals\xz-5.2.5\src\liblzma\common\easy_decoder_memusage.c
125,easy_encoder.c,0,\externals\xz-5.2.5\src\liblzma\common\easy_encoder.c
126,easy_encoder_memusage.c,0,\externals\xz-5.2.5\src\liblzma\common\easy_encoder_memusage.c
127,easy_preset.c,0,\externals\xz-5.2.5\src\liblzma\common\easy_preset.c
128,filter_buffer_decoder.c,0,\externals\xz-5.2.5\src\liblzma\common\filter_buffer_decoder.c
129,filter_buffer_encoder.c,0,\externals\xz-5.2.5\src\liblzma\common\filter_buffer_encoder.c
130,filter_common.c,0,\externals\xz-5.2.5\src\liblzma\common\filter_common.c
131,filter_decoder.c,0,\externals\xz-5.2.5\src\liblzma\common\filter_decoder.c
132,filter_encoder.c,0,\externals\xz-5.2.5\src\liblzma\common\filter_encoder.c
133,filter_flags_decoder.c,0,\externals\xz-5.2.5\src\liblzma\common\filter_flags_decoder.c
134,filter_flags_encoder.c,0,\externals\xz-5.2.5\src\liblzma\common\filter_flags_encoder.c
135,hardware_cputhreads.c,0,\externals\xz-5.2.5\src\liblzma\common\hardware_cputhreads.c
136,hardware_physmem.c,0,\externals\xz-5.2.5\src\liblzma\common\hardware_physmem.c
137,index.c,0,\externals\xz-5.2.5\src\liblzma\common\index.c
138,index_decoder.c,0,\externals\xz-5.2.5\src\liblzma\common\index_decoder.c
139,index_encoder.c,0,\externals\xz-5.2.5\src\liblzma\common\index_encoder.c
140,index_hash.c,0,\externals\xz-5.2.5\src\liblzma\common\index_hash.c
141,outqueue.c,0,\externals\xz-5.2.5\src\liblzma\common\outqueue.c
142,stream_buffer_decoder.c,0,\externals\xz-5.2.5\src\liblzma\common\stream_buffer_decoder.c
143,stream_buffer_encoder.c,0,\externals\xz-5.2.5\src\liblzma\common\stream_buffer_encoder.c
144,stream_decoder.c,0,\externals\xz-5.2.5\src\liblzma\common\stream_decoder.c
145,stream_encoder.c,0,\externals\xz-5.2.5\src\liblzma\common\stream_encoder.c
146,stream_encoder_mt.c,0,\externals\xz-5.2.5\src\liblzma\common\stream_encoder_mt.c
147,stream_flags_common.c,0,\externals\xz-5.2.5\src\liblzma\common\stream_flags_common.c
148,stream_flags_decoder.c,0,\externals\xz-5.2.5\src\liblzma\common\stream_flags_decoder.c
149,stream_flags_encoder.c,0,\externals\xz-5.2.5\src\liblzma\common\stream_flags_encoder.c
150,vli_decoder.c,0,\externals\xz-5.2.5\src\liblzma\common\vli_decoder.c
151,vli_encoder.c,0,\externals\xz-5.2.5\src\liblzma\common\vli_encoder.c
152,vli_size.c,0,\externals\xz-5.2.5\src\liblzma\common\vli_size.c
153,delta_common.c,0,\externals\xz-5.2.5\src\liblzma\delta\delta_common.c
154,delta_decoder.c,0,\externals\xz-5.2.5\src\liblzma\delta\delta_decoder.c
155,delta_encoder.c,0,\externals\xz-5.2.5\src\liblzma\delta\delta_encoder.c
156,lz_decoder.c,0,\externals\xz-5.2.5\src\liblzma\lz\lz_decoder.c
157,lz_encoder.c,0,\externals\xz-5.2.5\src\liblzma\lz\lz_encoder.c
158,lz_encoder_mf.c,0,\externals\xz-5.2.5\src\liblzma\lz\lz_encoder_mf.c
159,fastpos_table.c,0,\externals\xz-5.2.5\src\liblzma\lzma\fastpos_table.c
160,fastpos_tablegen.c,0,\externals\xz-5.2.5\src\liblzma\lzma\fastpos_tablegen.c
161,lzma2_decoder.c,0,\externals\xz-5.2.5\src\liblzma\lzma\lzma2_decoder.c
162,lzma2_encoder.c,0,\externals\xz-5.2.5\src\liblzma\lzma\lzma2_encoder.c
163,lzma_decoder.c,0,\externals\xz-5.2.5\src\liblzma\lzma\lzma_decoder.c
164,lzma_encoder.c,0,\externals\xz-5.2.5\src\liblzma\lzma\lzma_encoder.c
165,lzma_encoder_optimum_fast.c,0,\externals\xz-5.2.5\src\liblzma\lzma\lzma_encoder_optimum_fast.c
166,lzma_encoder_optimum_normal.c,0,\externals\xz-5.2.5\src\liblzma\lzma\lzma_encoder_optimum_normal.c
167,lzma_encoder_presets.c,0,\externals\xz-5.2.5\src\liblzma\lzma\lzma_encoder_presets.c
168,price_table.c,0,\externals\xz-5.2.5\src\liblzma\rangecoder\price_table.c
169,price_tablegen.c,0,\externals\xz-5.2.5\src\liblzma\rangecoder\price_tablegen.c
170,arm.c,0,\externals\xz-5.2.5\src\liblzma\simple\arm.c
171,armthumb.c,0,\externals\xz-5.2.5\src\liblzma\simple\armthumb.c
172,ia64.c,0,\externals\xz-5.2.5\src\liblzma\simple\ia64.c
173,powerpc.c,0,\externals\xz-5.2.5\src\liblzma\simple\powerpc.c
174,simple_coder.c,0,\externals\xz-5.2.5\src\liblzma\simple\simple_coder.c
175,simple_decoder.c,0,\externals\xz-5.2.5\src\liblzma\simple\simple_decoder.c
176,simple_encoder.c,0,\externals\xz-5.2.5\src\liblzma\simple\simple_encoder.c
177,sparc.c,0,\externals\xz-5.2.5\src\liblzma\simple\sparc.c
178,x86.c,0,\externals\xz-5.2.5\src\liblzma\simple\x86.c
179,lzmainfo.c,0,\externals\xz-5.2.5\src\lzmainfo\lzmainfo.c
180,args.c,0,\externals\xz-5.2.5\src\xz\args.c
181,coder.c,0,\externals\xz-5.2.5\src\xz\coder.c
182,file_io.c,0,\externals\xz-5.2.5\src\xz\file_io.c
183,hardware.c,0,\externals\xz-5.2.5\src\xz\hardware.c
184,list.c,0,\externals\xz-5.2.5\src\xz\list.c
185,main.c,0,\externals\xz-5.2.5\src\xz\main.c
186,message.c,0,\externals\xz-5.2.5\src\xz\message.c
187,mytime.c,0,\externals\xz-5.2.5\src\xz\mytime.c
188,options.c,0,\externals\xz-5.2.5\src\xz\options.c
189,signals.c,0,\externals\xz-5.2.5\src\xz\signals.c
190,suffix.c,0,\externals\xz-5.2.5\src\xz\suffix.c
191,util.c,0,\externals\xz-5.2.5\src\xz\util.c
192,xzdec.c,0,\externals\xz-5.2.5\src\xzdec\xzdec.c
193,create_compress_files.c,0,\externals\xz-5.2.5\tests\create_compress_files.c
194,adler32.c,0,\externals\zlib-1.2.12\adler32.c
195,compress.c,0,\externals\zlib-1.2.12\compress.c
196,crc32.c,0,\externals\zlib-1.2.12\crc32.c
197,deflate.c,0,\externals\zlib-1.2.12\deflate.c
198,gzclose.c,0,\externals\zlib-1.2.12\gzclose.c
199,gzlib.c,0,\externals\zlib-1.2.12\gzlib.c
200,gzread.c,0,\externals\zlib-1.2.12\gzread.c
201,gzwrite.c,0,\externals\zlib-1.2.12\gzwrite.c
202,infback.c,0,\externals\zlib-1.2.12\infback.c
203,inffast.c,0,\externals\zlib-1.2.12\inffast.c
204,inflate.c,0,\externals\zlib-1.2.12\inflate.c
205,inftrees.c,0,\externals\zlib-1.2.12\inftrees.c
206,trees.c,0,\externals\zlib-1.2.12\trees.c
207,uncompr.c,0,\externals\zlib-1.2.12\uncompr.c
208,zutil.c,0,\externals\zlib-1.2.12\zutil.c
209,blast.c,0,\externals\zlib-1.2.12\contrib\blast\blast.c
210,infback9.c,0,\externals\zlib-1.2.12\contrib\infback9\infback9.c
211,inftree9.c,0,\externals\zlib-1.2.12\contrib\infback9\inftree9.c
212,ioapi.c,0,\externals\zlib-1.2.12\contrib\minizip\ioapi.c
213,iowin32.c,0,\externals\zlib-1.2.12\contrib\minizip\iowin32.c
214,miniunz.c,0,\externals\zlib-1.2.12\contrib\minizip\miniunz.c
215,minizip.c,0,\externals\zlib-1.2.12\contrib\minizip\minizip.c
216,mztools.c,0,\externals\zlib-1.2.12\contrib\minizip\mztools.c
217,unzip.c,0,\externals\zlib-1.2.12\contrib\minizip\unzip.c
218,zip.c,0,\externals\zlib-1.2.12\contrib\minizip\zip.c
219,puff.c,0,\externals\zlib-1.2.12\contrib\puff\puff.c
220,untgz.c,0,\externals\zlib-1.2.12\contrib\untgz\untgz.c
221,enough.c,0,\externals\zlib-1.2.12\examples\enough.c
222,fitblk.c,0,\externals\zlib-1.2.12\examples\fitblk.c
223,gun.c,0,\externals\zlib-1.2.12\examples\gun.c
224,gzappend.c,0,\externals\zlib-1.2.12\examples\gzappend.c
225,gzjoin.c,0,\externals\zlib-1.2.12\examples\gzjoin.c
226,gzlog.c,0,\externals\zlib-1.2.12\examples\gzlog.c
227,gznorm.c,0,\externals\zlib-1.2.12\examples\gznorm.c
228,zpipe.c,0,\externals\zlib-1.2.12\examples\zpipe.c
229,zran.c,0,\externals\zlib-1.2.12\examples\zran.c
230,example.c,0,\externals\zlib-1.2.12\test\example.c
231,infcover.c,0,\externals\zlib-1.2.12\test\infcover.c
232,minigzip.c,0,\externals\zlib-1.2.12\test\minigzip.c
233,abc.py,0,\Lib\abc.py
234,aifc.py,0,\Lib\aifc.py
235,antigravity.py,0,\Lib\antigravity.py
236,argparse.py,0,\Lib\argparse.py
237,ast.py,0,\Lib\ast.py
238,asynchat.py,0,\Lib\asynchat.py
239,asyncore.py,0,\Lib\asyncore.py
240,base64.py,0,\Lib\base64.py
241,bdb.py,0,\Lib\bdb.py
242,bisect.py,0,\Lib\bisect.py
243,bz2.py,0,\Lib\bz2.py
244,calendar.py,0,\Lib\calendar.py
245,cgi.py,0,\Lib\cgi.py
246,cgitb.py,0,\Lib\cgitb.py
247,chunk.py,0,\Lib\chunk.py
248,cmd.py,0,\Lib\cmd.py
249,code.py,0,\Lib\code.py
250,codecs.py,0,\Lib\codecs.py
251,codeop.py,0,\Lib\codeop.py
252,colorsys.py,0,\Lib\colorsys.py
253,compileall.py,0,\Lib\compileall.py
254,configparser.py,0,\Lib\configparser.py
255,contextlib.py,0,\Lib\contextlib.py
256,contextvars.py,0,\Lib\contextvars.py
257,copy.py,0,\Lib\copy.py
258,copyreg.py,0,\Lib\copyreg.py
259,cProfile.py,0,\Lib\cProfile.py
260,crypt.py,0,\Lib\crypt.py
261,csv.py,0,\Lib\csv.py
262,dataclasses.py,0,\Lib\dataclasses.py
263,datetime.py,0,\Lib\datetime.py
264,decimal.py,0,\Lib\decimal.py
265,difflib.py,0,\Lib\difflib.py
266,dis.py,0,\Lib\dis.py
267,enum.py,0,\Lib\enum.py
268,filecmp.py,0,\Lib\filecmp.py
269,fileinput.py,0,\Lib\fileinput.py
270,fnmatch.py,0,\Lib\fnmatch.py
271,fractions.py,0,\Lib\fractions.py
272,ftplib.py,0,\Lib\ftplib.py
273,functools.py,0,\Lib\functools.py
274,genericpath.py,0,\Lib\genericpath.py
275,getopt.py,0,\Lib\getopt.py
276,getpass.py,0,\Lib\getpass.py
277,gettext.py,0,\Lib\gettext.py
278,glob.py,0,\Lib\glob.py
279,graphlib.py,0,\Lib\graphlib.py
280,gzip.py,0,\Lib\gzip.py
281,hashlib.py,0,\Lib\hashlib.py
282,heapq.py,0,\Lib\heapq.py
283,hmac.py,0,\Lib\hmac.py
284,imaplib.py,0,\Lib\imaplib.py
285,imghdr.py,0,\Lib\imghdr.py
286,imp.py,0,\Lib\imp.py
287,inspect.py,0,\Lib\inspect.py
288,io.py,0,\Lib\io.py
289,ipaddress.py,0,\Lib\ipaddress.py
290,keyword.py,0,\Lib\keyword.py
291,linecache.py,0,\Lib\linecache.py
292,locale.py,0,\Lib\locale.py
293,lzma.py,0,\Lib\lzma.py
294,mailbox.py,0,\Lib\mailbox.py
295,mailcap.py,0,\Lib\mailcap.py
296,mimetypes.py,0,\Lib\mimetypes.py
297,modulefinder.py,0,\Lib\modulefinder.py
298,netrc.py,0,\Lib\netrc.py
299,nntplib.py,0,\Lib\nntplib.py
300,ntpath.py,0,\Lib\ntpath.py
301,nturl2path.py,0,\Lib\nturl2path.py
302,numbers.py,0,\Lib\numbers.py
303,opcode.py,0,\Lib\opcode.py
304,operator.py,0,\Lib\operator.py
305,optparse.py,0,\Lib\optparse.py
306,os.py,0,\Lib\os.py
307,pathlib.py,0,\Lib\pathlib.py
308,pdb.py,0,\Lib\pdb.py
309,pickle.py,0,\Lib\pickle.py
310,pickletools.py,0,\Lib\pickletools.py
311,pipes.py,0,\Lib\pipes.py
312,pkgutil.py,0,\Lib\pkgutil.py
313,platform.py,0,\Lib\platform.py
314,plistlib.py,0,\Lib\plistlib.py
315,poplib.py,0,\Lib\poplib.py
316,posixpath.py,0,\Lib\posixpath.py
317,pprint.py,0,\Lib\pprint.py
318,profile.py,0,\Lib\profile.py
319,pstats.py,0,\Lib\pstats.py
320,pty.py,0,\Lib\pty.py
321,pyclbr.py,0,\Lib\pyclbr.py
322,pydoc.py,0,\Lib\pydoc.py
323,py_compile.py,0,\Lib\py_compile.py
324,queue.py,0,\Lib\queue.py
325,quopri.py,0,\Lib\quopri.py
326,random.py,0,\Lib\random.py
327,reprlib.py,0,\Lib\reprlib.py
328,rlcompleter.py,0,\Lib\rlcompleter.py
329,runpy.py,0,\Lib\runpy.py
330,sched.py,0,\Lib\sched.py
331,secrets.py,0,\Lib\secrets.py
332,selectors.py,0,\Lib\selectors.py
333,shelve.py,0,\Lib\shelve.py
334,shlex.py,0,\Lib\shlex.py
335,shutil.py,0,\Lib\shutil.py
336,signal.py,0,\Lib\signal.py
337,site.py,0,\Lib\site.py
338,smtpd.py,0,\Lib\smtpd.py
339,smtplib.py,0,\Lib\smtplib.py
340,sndhdr.py,0,\Lib\sndhdr.py
341,socket.py,0,\Lib\socket.py
342,socketserver.py,0,\Lib\socketserver.py
343,sre_compile.py,0,\Lib\sre_compile.py
344,sre_constants.py,0,\Lib\sre_constants.py
345,sre_parse.py,0,\Lib\sre_parse.py
346,ssl.py,0,\Lib\ssl.py
347,stat.py,0,\Lib\stat.py
348,statistics.py,0,\Lib\statistics.py
349,string.py,0,\Lib\string.py
350,stringprep.py,0,\Lib\stringprep.py
351,struct.py,0,\Lib\struct.py
352,subprocess.py,0,\Lib\subprocess.py
353,sunau.py,0,\Lib\sunau.py
354,symtable.py,0,\Lib\symtable.py
355,sysconfig.py,0,\Lib\sysconfig.py
356,tabnanny.py,0,\Lib\tabnanny.py
357,tarfile.py,0,\Lib\tarfile.py
358,telnetlib.py,0,\Lib\telnetlib.py
359,tempfile.py,0,\Lib\tempfile.py
360,textwrap.py,0,\Lib\textwrap.py
361,this.py,0,\Lib\this.py
362,threading.py,0,\Lib\threading.py
363,timeit.py,0,\Lib\timeit.py
364,token.py,0,\Lib\token.py
365,tokenize.py,0,\Lib\tokenize.py
366,trace.py,0,\Lib\trace.py
367,traceback.py,0,\Lib\traceback.py
368,tracemalloc.py,0,\Lib\tracemalloc.py
369,tty.py,0,\Lib\tty.py
370,turtle.py,0,\Lib\turtle.py
371,types.py,0,\Lib\types.py
372,typing.py,0,\Lib\typing.py
373,uu.py,0,\Lib\uu.py
374,uuid.py,0,\Lib\uuid.py
375,warnings.py,0,\Lib\warnings.py
376,wave.py,0,\Lib\wave.py
377,weakref.py,0,\Lib\weakref.py
378,webbrowser.py,0,\Lib\webbrowser.py
379,xdrlib.py,0,\Lib\xdrlib.py
380,zipapp.py,0,\Lib\zipapp.py
381,zipfile.py,0,\Lib\zipfile.py
382,zipimport.py,0,\Lib\zipimport.py
383,_aix_support.py,0,\Lib\_aix_support.py
384,_bootsubprocess.py,0,\Lib\_bootsubprocess.py
385,_collections_abc.py,0,\Lib\_collections_abc.py
386,_compat_pickle.py,0,\Lib\_compat_pickle.py
387,_compression.py,0,\Lib\_compression.py
388,_markupbase.py,0,\Lib\_markupbase.py
389,_osx_support.py,0,\Lib\_osx_support.py
390,_pydecimal.py,0,\Lib\_pydecimal.py
391,_pyio.py,0,\Lib\_pyio.py
392,_py_abc.py,0,\Lib\_py_abc.py
393,_sitebuiltins.py,0,\Lib\_sitebuiltins.py
394,_strptime.py,0,\Lib\_strptime.py
395,_threading_local.py,0,\Lib\_threading_local.py
396,_weakrefset.py,0,\Lib\_weakrefset.py
397,__future__.py,0,\Lib\__future__.py
398,__hello__.py,0,\Lib\__hello__.py
399,base_events.py,0,\Lib\asyncio\base_events.py
400,base_futures.py,0,\Lib\asyncio\base_futures.py
401,base_subprocess.py,0,\Lib\asyncio\base_subprocess.py
402,base_tasks.py,0,\Lib\asyncio\base_tasks.py
403,constants.py,0,\Lib\asyncio\constants.py
404,coroutines.py,0,\Lib\asyncio\coroutines.py
405,events.py,0,\Lib\asyncio\events.py
406,exceptions.py,0,\Lib\asyncio\exceptions.py
407,format_helpers.py,0,\Lib\asyncio\format_helpers.py
408,futures.py,0,\Lib\asyncio\futures.py
409,locks.py,0,\Lib\asyncio\locks.py
410,log.py,0,\Lib\asyncio\log.py
411,mixins.py,0,\Lib\asyncio\mixins.py
412,proactor_events.py,0,\Lib\asyncio\proactor_events.py
413,protocols.py,0,\Lib\asyncio\protocols.py
414,queues.py,0,\Lib\asyncio\queues.py
415,runners.py,0,\Lib\asyncio\runners.py
416,selector_events.py,0,\Lib\asyncio\selector_events.py
417,sslproto.py,0,\Lib\asyncio\sslproto.py
418,staggered.py,0,\Lib\asyncio\staggered.py
419,streams.py,0,\Lib\asyncio\streams.py
420,subprocess.py,0,\Lib\asyncio\subprocess.py
421,taskgroups.py,0,\Lib\asyncio\taskgroups.py
422,tasks.py,0,\Lib\asyncio\tasks.py
423,threads.py,0,\Lib\asyncio\threads.py
424,timeouts.py,0,\Lib\asyncio\timeouts.py
425,transports.py,0,\Lib\asyncio\transports.py
426,trsock.py,0,\Lib\asyncio\trsock.py
427,unix_events.py,0,\Lib\asyncio\unix_events.py
428,windows_events.py,0,\Lib\asyncio\windows_events.py
429,windows_utils.py,0,\Lib\asyncio\windows_utils.py
430,__init__.py,0,\Lib\asyncio\__init__.py
431,__main__.py,0,\Lib\asyncio\__main__.py
432,abc.py,0,\Lib\collections\abc.py
433,__init__.py,0,\Lib\collections\__init__.py
434,__init__.py,0,\Lib\concurrent\__init__.py
435,process.py,0,\Lib\concurrent\futures\process.py
436,thread.py,0,\Lib\concurrent\futures\thread.py
437,_base.py,0,\Lib\concurrent\futures\_base.py
438,__init__.py,0,\Lib\concurrent\futures\__init__.py
439,util.py,0,\Lib\ctypes\util.py
440,wintypes.py,0,\Lib\ctypes\wintypes.py
441,_aix.py,0,\Lib\ctypes\_aix.py
442,_endian.py,0,\Lib\ctypes\_endian.py
443,__init__.py,0,\Lib\ctypes\__init__.py
444,dyld.py,0,\Lib\ctypes\macholib\dyld.py
445,dylib.py,0,\Lib\ctypes\macholib\dylib.py
446,framework.py,0,\Lib\ctypes\macholib\framework.py
447,__init__.py,0,\Lib\ctypes\macholib\__init__.py
448,__init__.py,0,\Lib\ctypes\test\__init__.py
449,__main__.py,0,\Lib\ctypes\test\__main__.py
450,ascii.py,0,\Lib\curses\ascii.py
451,has_key.py,0,\Lib\curses\has_key.py
452,panel.py,0,\Lib\curses\panel.py
453,textpad.py,0,\Lib\curses\textpad.py
454,__init__.py,0,\Lib\curses\__init__.py
455,dumb.py,0,\Lib\dbm\dumb.py
456,gnu.py,0,\Lib\dbm\gnu.py
457,ndbm.py,0,\Lib\dbm\ndbm.py
458,__init__.py,0,\Lib\dbm\__init__.py
459,archive_util.py,0,\Lib\distutils\archive_util.py
460,bcppcompiler.py,0,\Lib\distutils\bcppcompiler.py
461,ccompiler.py,0,\Lib\distutils\ccompiler.py
462,cmd.py,0,\Lib\distutils\cmd.py
463,config.py,0,\Lib\distutils\config.py
464,core.py,0,\Lib\distutils\core.py
465,cygwinccompiler.py,0,\Lib\distutils\cygwinccompiler.py
466,debug.py,0,\Lib\distutils\debug.py
467,dep_util.py,0,\Lib\distutils\dep_util.py
468,dir_util.py,0,\Lib\distutils\dir_util.py
469,dist.py,0,\Lib\distutils\dist.py
470,errors.py,0,\Lib\distutils\errors.py
471,extension.py,0,\Lib\distutils\extension.py
472,fancy_getopt.py,0,\Lib\distutils\fancy_getopt.py
473,filelist.py,0,\Lib\distutils\filelist.py
474,file_util.py,0,\Lib\distutils\file_util.py
475,log.py,0,\Lib\distutils\log.py
476,msvc9compiler.py,0,\Lib\distutils\msvc9compiler.py
477,msvccompiler.py,0,\Lib\distutils\msvccompiler.py
478,spawn.py,0,\Lib\distutils\spawn.py
479,sysconfig.py,0,\Lib\distutils\sysconfig.py
480,text_file.py,0,\Lib\distutils\text_file.py
481,unixccompiler.py,0,\Lib\distutils\unixccompiler.py
482,util.py,0,\Lib\distutils\util.py
483,version.py,0,\Lib\distutils\version.py
484,versionpredicate.py,0,\Lib\distutils\versionpredicate.py
485,_msvccompiler.py,0,\Lib\distutils\_msvccompiler.py
486,__init__.py,0,\Lib\distutils\__init__.py
487,bdist.py,0,\Lib\distutils\command\bdist.py
488,bdist_dumb.py,0,\Lib\distutils\command\bdist_dumb.py
489,bdist_rpm.py,0,\Lib\distutils\command\bdist_rpm.py
490,build.py,0,\Lib\distutils\command\build.py
491,build_clib.py,0,\Lib\distutils\command\build_clib.py
492,build_ext.py,0,\Lib\distutils\command\build_ext.py
493,build_py.py,0,\Lib\distutils\command\build_py.py
494,build_scripts.py,0,\Lib\distutils\command\build_scripts.py
495,check.py,0,\Lib\distutils\command\check.py
496,clean.py,0,\Lib\distutils\command\clean.py
497,config.py,0,\Lib\distutils\command\config.py
498,install.py,0,\Lib\distutils\command\install.py
499,install_data.py,0,\Lib\distutils\command\install_data.py
500,install_egg_info.py,0,\Lib\distutils\command\install_egg_info.py
501,install_headers.py,0,\Lib\distutils\command\install_headers.py
502,install_lib.py,0,\Lib\distutils\command\install_lib.py
503,install_scripts.py,0,\Lib\distutils\command\install_scripts.py
504,register.py,0,\Lib\distutils\command\register.py
505,sdist.py,0,\Lib\distutils\command\sdist.py
506,upload.py,0,\Lib\distutils\command\upload.py
507,__init__.py,0,\Lib\distutils\command\__init__.py
508,support.py,1,\Lib\distutils\tests\support.py
509,__init__.py,0,\Lib\distutils\tests\__init__.py
510,base64mime.py,0,\Lib\email\base64mime.py
511,charset.py,0,\Lib\email\charset.py
512,contentmanager.py,0,\Lib\email\contentmanager.py
513,encoders.py,0,\Lib\email\encoders.py
514,errors.py,0,\Lib\email\errors.py
515,feedparser.py,0,\Lib\email\feedparser.py
516,generator.py,0,\Lib\email\generator.py
517,header.py,0,\Lib\email\header.py
518,headerregistry.py,0,\Lib\email\headerregistry.py
519,iterators.py,0,\Lib\email\iterators.py
520,message.py,0,\Lib\email\message.py
521,parser.py,0,\Lib\email\parser.py
522,policy.py,0,\Lib\email\policy.py
523,quoprimime.py,0,\Lib\email\quoprimime.py
524,utils.py,0,\Lib\email\utils.py
525,_encoded_words.py,0,\Lib\email\_encoded_words.py
526,_header_value_parser.py,0,\Lib\email\_header_value_parser.py
527,_parseaddr.py,0,\Lib\email\_parseaddr.py
528,_policybase.py,0,\Lib\email\_policybase.py
529,__init__.py,0,\Lib\email\__init__.py
530,application.py,0,\Lib\email\mime\application.py
531,audio.py,0,\Lib\email\mime\audio.py
532,base.py,0,\Lib\email\mime\base.py
533,image.py,0,\Lib\email\mime\image.py
534,message.py,0,\Lib\email\mime\message.py
535,multipart.py,0,\Lib\email\mime\multipart.py
536,nonmultipart.py,0,\Lib\email\mime\nonmultipart.py
537,text.py,0,\Lib\email\mime\text.py
538,__init__.py,0,\Lib\email\mime\__init__.py
539,aliases.py,0,\Lib\encodings\aliases.py
540,ascii.py,0,\Lib\encodings\ascii.py
541,base64_codec.py,0,\Lib\encodings\base64_codec.py
542,big5.py,0,\Lib\encodings\big5.py
543,big5hkscs.py,0,\Lib\encodings\big5hkscs.py
544,bz2_codec.py,0,\Lib\encodings\bz2_codec.py
545,charmap.py,0,\Lib\encodings\charmap.py
546,cp037.py,0,\Lib\encodings\cp037.py
547,cp1006.py,0,\Lib\encodings\cp1006.py
548,cp1026.py,0,\Lib\encodings\cp1026.py
549,cp1125.py,0,\Lib\encodings\cp1125.py
550,cp1140.py,0,\Lib\encodings\cp1140.py
551,cp1250.py,0,\Lib\encodings\cp1250.py
552,cp1251.py,0,\Lib\encodings\cp1251.py
553,cp1252.py,0,\Lib\encodings\cp1252.py
554,cp1253.py,0,\Lib\encodings\cp1253.py
555,cp1254.py,0,\Lib\encodings\cp1254.py
556,cp1255.py,0,\Lib\encodings\cp1255.py
557,cp1256.py,0,\Lib\encodings\cp1256.py
558,cp1257.py,0,\Lib\encodings\cp1257.py
559,cp1258.py,0,\Lib\encodings\cp1258.py
560,cp273.py,0,\Lib\encodings\cp273.py
561,cp424.py,0,\Lib\encodings\cp424.py
562,cp437.py,0,\Lib\encodings\cp437.py
563,cp500.py,0,\Lib\encodings\cp500.py
564,cp720.py,0,\Lib\encodings\cp720.py
565,cp737.py,0,\Lib\encodings\cp737.py
566,cp775.py,0,\Lib\encodings\cp775.py
567,cp850.py,0,\Lib\encodings\cp850.py
568,cp852.py,0,\Lib\encodings\cp852.py
569,cp855.py,0,\Lib\encodings\cp855.py
570,cp856.py,0,\Lib\encodings\cp856.py
571,cp857.py,0,\Lib\encodings\cp857.py
572,cp858.py,0,\Lib\encodings\cp858.py
573,cp860.py,0,\Lib\encodings\cp860.py
574,cp861.py,0,\Lib\encodings\cp861.py
575,cp862.py,0,\Lib\encodings\cp862.py
576,cp863.py,0,\Lib\encodings\cp863.py
577,cp864.py,0,\Lib\encodings\cp864.py
578,cp865.py,0,\Lib\encodings\cp865.py
579,cp866.py,0,\Lib\encodings\cp866.py
580,cp869.py,0,\Lib\encodings\cp869.py
581,cp874.py,0,\Lib\encodings\cp874.py
582,cp875.py,0,\Lib\encodings\cp875.py
583,cp932.py,0,\Lib\encodings\cp932.py
584,cp949.py,0,\Lib\encodings\cp949.py
585,cp950.py,0,\Lib\encodings\cp950.py
586,euc_jisx0213.py,0,\Lib\encodings\euc_jisx0213.py
587,euc_jis_2004.py,0,\Lib\encodings\euc_jis_2004.py
588,euc_jp.py,0,\Lib\encodings\euc_jp.py
589,euc_kr.py,0,\Lib\encodings\euc_kr.py
590,gb18030.py,0,\Lib\encodings\gb18030.py
591,gb2312.py,0,\Lib\encodings\gb2312.py
592,gbk.py,0,\Lib\encodings\gbk.py
593,hex_codec.py,0,\Lib\encodings\hex_codec.py
594,hp_roman8.py,0,\Lib\encodings\hp_roman8.py
595,hz.py,0,\Lib\encodings\hz.py
596,idna.py,0,\Lib\encodings\idna.py
597,iso2022_jp.py,0,\Lib\encodings\iso2022_jp.py
598,iso2022_jp_1.py,0,\Lib\encodings\iso2022_jp_1.py
599,iso2022_jp_2.py,0,\Lib\encodings\iso2022_jp_2.py
600,iso2022_jp_2004.py,0,\Lib\encodings\iso2022_jp_2004.py
601,iso2022_jp_3.py,0,\Lib\encodings\iso2022_jp_3.py
602,iso2022_jp_ext.py,0,\Lib\encodings\iso2022_jp_ext.py
603,iso2022_kr.py,0,\Lib\encodings\iso2022_kr.py
604,iso8859_1.py,0,\Lib\encodings\iso8859_1.py
605,iso8859_10.py,0,\Lib\encodings\iso8859_10.py
606,iso8859_11.py,0,\Lib\encodings\iso8859_11.py
607,iso8859_13.py,0,\Lib\encodings\iso8859_13.py
608,iso8859_14.py,0,\Lib\encodings\iso8859_14.py
609,iso8859_15.py,0,\Lib\encodings\iso8859_15.py
610,iso8859_16.py,0,\Lib\encodings\iso8859_16.py
611,iso8859_2.py,0,\Lib\encodings\iso8859_2.py
612,iso8859_3.py,0,\Lib\encodings\iso8859_3.py
613,iso8859_4.py,0,\Lib\encodings\iso8859_4.py
614,iso8859_5.py,0,\Lib\encodings\iso8859_5.py
615,iso8859_6.py,0,\Lib\encodings\iso8859_6.py
616,iso8859_7.py,0,\Lib\encodings\iso8859_7.py
617,iso8859_8.py,0,\Lib\encodings\iso8859_8.py
618,iso8859_9.py,0,\Lib\encodings\iso8859_9.py
619,johab.py,0,\Lib\encodings\johab.py
620,koi8_r.py,0,\Lib\encodings\koi8_r.py
621,koi8_t.py,0,\Lib\encodings\koi8_t.py
622,koi8_u.py,0,\Lib\encodings\koi8_u.py
623,kz1048.py,0,\Lib\encodings\kz1048.py
624,latin_1.py,0,\Lib\encodings\latin_1.py
625,mac_arabic.py,0,\Lib\encodings\mac_arabic.py
626,mac_croatian.py,0,\Lib\encodings\mac_croatian.py
627,mac_cyrillic.py,0,\Lib\encodings\mac_cyrillic.py
628,mac_farsi.py,0,\Lib\encodings\mac_farsi.py
629,mac_greek.py,0,\Lib\encodings\mac_greek.py
630,mac_iceland.py,0,\Lib\encodings\mac_iceland.py
631,mac_latin2.py,0,\Lib\encodings\mac_latin2.py
632,mac_roman.py,0,\Lib\encodings\mac_roman.py
633,mac_romanian.py,0,\Lib\encodings\mac_romanian.py
634,mac_turkish.py,0,\Lib\encodings\mac_turkish.py
635,mbcs.py,0,\Lib\encodings\mbcs.py
636,oem.py,0,\Lib\encodings\oem.py
637,palmos.py,0,\Lib\encodings\palmos.py
638,ptcp154.py,0,\Lib\encodings\ptcp154.py
639,punycode.py,0,\Lib\encodings\punycode.py
640,quopri_codec.py,0,\Lib\encodings\quopri_codec.py
641,raw_unicode_escape.py,0,\Lib\encodings\raw_unicode_escape.py
642,rot_13.py,0,\Lib\encodings\rot_13.py
643,shift_jis.py,0,\Lib\encodings\shift_jis.py
644,shift_jisx0213.py,0,\Lib\encodings\shift_jisx0213.py
645,shift_jis_2004.py,0,\Lib\encodings\shift_jis_2004.py
646,tis_620.py,0,\Lib\encodings\tis_620.py
647,undefined.py,0,\Lib\encodings\undefined.py
648,unicode_escape.py,0,\Lib\encodings\unicode_escape.py
649,utf_16.py,0,\Lib\encodings\utf_16.py
650,utf_16_be.py,0,\Lib\encodings\utf_16_be.py
651,utf_16_le.py,0,\Lib\encodings\utf_16_le.py
652,utf_32.py,0,\Lib\encodings\utf_32.py
653,utf_32_be.py,0,\Lib\encodings\utf_32_be.py
654,utf_32_le.py,0,\Lib\encodings\utf_32_le.py
655,utf_7.py,0,\Lib\encodings\utf_7.py
656,utf_8.py,0,\Lib\encodings\utf_8.py
657,utf_8_sig.py,0,\Lib\encodings\utf_8_sig.py
658,uu_codec.py,0,\Lib\encodings\uu_codec.py
659,zlib_codec.py,0,\Lib\encodings\zlib_codec.py
660,__init__.py,0,\Lib\encodings\__init__.py
661,_uninstall.py,0,\Lib\ensurepip\_uninstall.py
662,__init__.py,0,\Lib\ensurepip\__init__.py
663,__main__.py,0,\Lib\ensurepip\__main__.py
664,entities.py,0,\Lib\html\entities.py
665,parser.py,0,\Lib\html\parser.py
666,__init__.py,0,\Lib\html\__init__.py
667,client.py,0,\Lib\http\client.py
668,cookiejar.py,0,\Lib\http\cookiejar.py
669,cookies.py,0,\Lib\http\cookies.py
670,server.py,0,\Lib\http\server.py
671,__init__.py,0,\Lib\http\__init__.py
672,autocomplete.py,0,\Lib\idlelib\autocomplete.py
673,autocomplete_w.py,0,\Lib\idlelib\autocomplete_w.py
674,autoexpand.py,0,\Lib\idlelib\autoexpand.py
675,browser.py,0,\Lib\idlelib\browser.py
676,calltip.py,0,\Lib\idlelib\calltip.py
677,calltip_w.py,0,\Lib\idlelib\calltip_w.py
678,codecontext.py,0,\Lib\idlelib\codecontext.py
679,colorizer.py,0,\Lib\idlelib\colorizer.py
680,config.py,0,\Lib\idlelib\config.py
681,configdialog.py,0,\Lib\idlelib\configdialog.py
682,config_key.py,0,\Lib\idlelib\config_key.py
683,debugger.py,0,\Lib\idlelib\debugger.py
684,debugger_r.py,0,\Lib\idlelib\debugger_r.py
685,debugobj.py,0,\Lib\idlelib\debugobj.py
686,debugobj_r.py,0,\Lib\idlelib\debugobj_r.py
687,delegator.py,0,\Lib\idlelib\delegator.py
688,dynoption.py,0,\Lib\idlelib\dynoption.py
689,editor.py,0,\Lib\idlelib\editor.py
690,filelist.py,0,\Lib\idlelib\filelist.py
691,format.py,0,\Lib\idlelib\format.py
692,grep.py,0,\Lib\idlelib\grep.py
693,help.py,0,\Lib\idlelib\help.py
694,help_about.py,0,\Lib\idlelib\help_about.py
695,history.py,0,\Lib\idlelib\history.py
696,hyperparser.py,0,\Lib\idlelib\hyperparser.py
697,idle.py,0,\Lib\idlelib\idle.py
698,iomenu.py,0,\Lib\idlelib\iomenu.py
699,macosx.py,0,\Lib\idlelib\macosx.py
700,mainmenu.py,0,\Lib\idlelib\mainmenu.py
701,multicall.py,0,\Lib\idlelib\multicall.py
702,outwin.py,0,\Lib\idlelib\outwin.py
703,parenmatch.py,0,\Lib\idlelib\parenmatch.py
704,pathbrowser.py,0,\Lib\idlelib\pathbrowser.py
705,percolator.py,0,\Lib\idlelib\percolator.py
706,pyparse.py,0,\Lib\idlelib\pyparse.py
707,pyshell.py,0,\Lib\idlelib\pyshell.py
708,query.py,0,\Lib\idlelib\query.py
709,redirector.py,0,\Lib\idlelib\redirector.py
710,replace.py,0,\Lib\idlelib\replace.py
711,rpc.py,0,\Lib\idlelib\rpc.py
712,run.py,0,\Lib\idlelib\run.py
713,runscript.py,0,\Lib\idlelib\runscript.py
714,scrolledlist.py,0,\Lib\idlelib\scrolledlist.py
715,search.py,0,\Lib\idlelib\search.py
716,searchbase.py,0,\Lib\idlelib\searchbase.py
717,searchengine.py,0,\Lib\idlelib\searchengine.py
718,sidebar.py,0,\Lib\idlelib\sidebar.py
719,squeezer.py,0,\Lib\idlelib\squeezer.py
720,stackviewer.py,0,\Lib\idlelib\stackviewer.py
721,statusbar.py,0,\Lib\idlelib\statusbar.py
722,textview.py,0,\Lib\idlelib\textview.py
723,tooltip.py,0,\Lib\idlelib\tooltip.py
724,tree.py,0,\Lib\idlelib\tree.py
725,undo.py,0,\Lib\idlelib\undo.py
726,util.py,0,\Lib\idlelib\util.py
727,window.py,0,\Lib\idlelib\window.py
728,zoomheight.py,0,\Lib\idlelib\zoomheight.py
729,zzdummy.py,0,\Lib\idlelib\zzdummy.py
730,__init__.py,0,\Lib\idlelib\__init__.py
731,__main__.py,0,\Lib\idlelib\__main__.py
732,mock_idle.py,0,\Lib\idlelib\idle_test\mock_idle.py
733,mock_tk.py,0,\Lib\idlelib\idle_test\mock_tk.py
734,template.py,1,\Lib\idlelib\idle_test\template.py
735,__init__.py,0,\Lib\idlelib\idle_test\__init__.py
736,abc.py,0,\Lib\importlib\abc.py
737,machinery.py,0,\Lib\importlib\machinery.py
738,readers.py,0,\Lib\importlib\readers.py
739,simple.py,0,\Lib\importlib\simple.py
740,util.py,0,\Lib\importlib\util.py
741,_abc.py,0,\Lib\importlib\_abc.py
742,_bootstrap.py,0,\Lib\importlib\_bootstrap.py
743,_bootstrap_external.py,0,\Lib\importlib\_bootstrap_external.py
744,__init__.py,0,\Lib\importlib\__init__.py
745,_adapters.py,0,\Lib\importlib\metadata\_adapters.py
746,_collections.py,0,\Lib\importlib\metadata\_collections.py
747,_functools.py,0,\Lib\importlib\metadata\_functools.py
748,_itertools.py,0,\Lib\importlib\metadata\_itertools.py
749,_meta.py,0,\Lib\importlib\metadata\_meta.py
750,_text.py,0,\Lib\importlib\metadata\_text.py
751,__init__.py,0,\Lib\importlib\metadata\__init__.py
752,abc.py,0,\Lib\importlib\resources\abc.py
753,readers.py,0,\Lib\importlib\resources\readers.py
754,simple.py,0,\Lib\importlib\resources\simple.py
755,_adapters.py,0,\Lib\importlib\resources\_adapters.py
756,_common.py,0,\Lib\importlib\resources\_common.py
757,_itertools.py,0,\Lib\importlib\resources\_itertools.py
758,_legacy.py,0,\Lib\importlib\resources\_legacy.py
759,__init__.py,0,\Lib\importlib\resources\__init__.py
760,decoder.py,0,\Lib\json\decoder.py
761,encoder.py,0,\Lib\json\encoder.py
762,scanner.py,0,\Lib\json\scanner.py
763,tool.py,0,\Lib\json\tool.py
764,__init__.py,0,\Lib\json\__init__.py
765,btm_matcher.py,0,\Lib\lib2to3\btm_matcher.py
766,btm_utils.py,0,\Lib\lib2to3\btm_utils.py
767,fixer_base.py,0,\Lib\lib2to3\fixer_base.py
768,fixer_util.py,0,\Lib\lib2to3\fixer_util.py
769,main.py,0,\Lib\lib2to3\main.py
770,patcomp.py,0,\Lib\lib2to3\patcomp.py
771,pygram.py,0,\Lib\lib2to3\pygram.py
772,pytree.py,0,\Lib\lib2to3\pytree.py
773,refactor.py,0,\Lib\lib2to3\refactor.py
774,__init__.py,0,\Lib\lib2to3\__init__.py
775,__main__.py,0,\Lib\lib2to3\__main__.py
776,fix_apply.py,0,\Lib\lib2to3\fixes\fix_apply.py
777,fix_asserts.py,0,\Lib\lib2to3\fixes\fix_asserts.py
778,fix_basestring.py,0,\Lib\lib2to3\fixes\fix_basestring.py
779,fix_buffer.py,0,\Lib\lib2to3\fixes\fix_buffer.py
780,fix_dict.py,0,\Lib\lib2to3\fixes\fix_dict.py
781,fix_except.py,0,\Lib\lib2to3\fixes\fix_except.py
782,fix_exec.py,0,\Lib\lib2to3\fixes\fix_exec.py
783,fix_execfile.py,0,\Lib\lib2to3\fixes\fix_execfile.py
784,fix_exitfunc.py,0,\Lib\lib2to3\fixes\fix_exitfunc.py
785,fix_filter.py,0,\Lib\lib2to3\fixes\fix_filter.py
786,fix_funcattrs.py,0,\Lib\lib2to3\fixes\fix_funcattrs.py
787,fix_future.py,0,\Lib\lib2to3\fixes\fix_future.py
788,fix_getcwdu.py,0,\Lib\lib2to3\fixes\fix_getcwdu.py
789,fix_has_key.py,0,\Lib\lib2to3\fixes\fix_has_key.py
790,fix_idioms.py,0,\Lib\lib2to3\fixes\fix_idioms.py
791,fix_import.py,0,\Lib\lib2to3\fixes\fix_import.py
792,fix_imports.py,0,\Lib\lib2to3\fixes\fix_imports.py
793,fix_imports2.py,0,\Lib\lib2to3\fixes\fix_imports2.py
794,fix_input.py,0,\Lib\lib2to3\fixes\fix_input.py
795,fix_intern.py,0,\Lib\lib2to3\fixes\fix_intern.py
796,fix_isinstance.py,0,\Lib\lib2to3\fixes\fix_isinstance.py
797,fix_itertools.py,0,\Lib\lib2to3\fixes\fix_itertools.py
798,fix_itertools_imports.py,0,\Lib\lib2to3\fixes\fix_itertools_imports.py
799,fix_long.py,0,\Lib\lib2to3\fixes\fix_long.py
800,fix_map.py,0,\Lib\lib2to3\fixes\fix_map.py
801,fix_metaclass.py,0,\Lib\lib2to3\fixes\fix_metaclass.py
802,fix_methodattrs.py,0,\Lib\lib2to3\fixes\fix_methodattrs.py
803,fix_ne.py,0,\Lib\lib2to3\fixes\fix_ne.py
804,fix_next.py,0,\Lib\lib2to3\fixes\fix_next.py
805,fix_nonzero.py,0,\Lib\lib2to3\fixes\fix_nonzero.py
806,fix_numliterals.py,0,\Lib\lib2to3\fixes\fix_numliterals.py
807,fix_operator.py,0,\Lib\lib2to3\fixes\fix_operator.py
808,fix_paren.py,0,\Lib\lib2to3\fixes\fix_paren.py
809,fix_print.py,0,\Lib\lib2to3\fixes\fix_print.py
810,fix_raise.py,0,\Lib\lib2to3\fixes\fix_raise.py
811,fix_raw_input.py,0,\Lib\lib2to3\fixes\fix_raw_input.py
812,fix_reduce.py,0,\Lib\lib2to3\fixes\fix_reduce.py
813,fix_reload.py,0,\Lib\lib2to3\fixes\fix_reload.py
814,fix_renames.py,0,\Lib\lib2to3\fixes\fix_renames.py
815,fix_repr.py,0,\Lib\lib2to3\fixes\fix_repr.py
816,fix_set_literal.py,0,\Lib\lib2to3\fixes\fix_set_literal.py
817,fix_standarderror.py,0,\Lib\lib2to3\fixes\fix_standarderror.py
818,fix_sys_exc.py,0,\Lib\lib2to3\fixes\fix_sys_exc.py
819,fix_throw.py,0,\Lib\lib2to3\fixes\fix_throw.py
820,fix_tuple_params.py,0,\Lib\lib2to3\fixes\fix_tuple_params.py
821,fix_types.py,0,\Lib\lib2to3\fixes\fix_types.py
822,fix_unicode.py,0,\Lib\lib2to3\fixes\fix_unicode.py
823,fix_urllib.py,0,\Lib\lib2to3\fixes\fix_urllib.py
824,fix_ws_comma.py,0,\Lib\lib2to3\fixes\fix_ws_comma.py
825,fix_xrange.py,0,\Lib\lib2to3\fixes\fix_xrange.py
826,fix_xreadlines.py,0,\Lib\lib2to3\fixes\fix_xreadlines.py
827,fix_zip.py,0,\Lib\lib2to3\fixes\fix_zip.py
828,__init__.py,0,\Lib\lib2to3\fixes\__init__.py
829,conv.py,0,\Lib\lib2to3\pgen2\conv.py
830,driver.py,0,\Lib\lib2to3\pgen2\driver.py
831,grammar.py,0,\Lib\lib2to3\pgen2\grammar.py
832,literals.py,0,\Lib\lib2to3\pgen2\literals.py
833,parse.py,0,\Lib\lib2to3\pgen2\parse.py
834,pgen.py,0,\Lib\lib2to3\pgen2\pgen.py
835,token.py,0,\Lib\lib2to3\pgen2\token.py
836,tokenize.py,0,\Lib\lib2to3\pgen2\tokenize.py
837,__init__.py,0,\Lib\lib2to3\pgen2\__init__.py
838,pytree_idempotency.py,0,\Lib\lib2to3\tests\pytree_idempotency.py
839,support.py,0,\Lib\lib2to3\tests\support.py
840,__init__.py,0,\Lib\lib2to3\tests\__init__.py
841,__main__.py,0,\Lib\lib2to3\tests\__main__.py
842,bom.py,0,\Lib\lib2to3\tests\data\bom.py
843,crlf.py,0,\Lib\lib2to3\tests\data\crlf.py
844,different_encoding.py,0,\Lib\lib2to3\tests\data\different_encoding.py
845,false_encoding.py,0,\Lib\lib2to3\tests\data\false_encoding.py
846,infinite_recursion.py,0,\Lib\lib2to3\tests\data\infinite_recursion.py
847,bad_order.py,0,\Lib\lib2to3\tests\data\fixers\bad_order.py
848,no_fixer_cls.py,0,\Lib\lib2to3\tests\data\fixers\no_fixer_cls.py
849,parrot_example.py,0,\Lib\lib2to3\tests\data\fixers\parrot_example.py
850,fix_explicit.py,0,\Lib\lib2to3\tests\data\fixers\myfixes\fix_explicit.py
851,fix_first.py,0,\Lib\lib2to3\tests\data\fixers\myfixes\fix_first.py
852,fix_last.py,0,\Lib\lib2to3\tests\data\fixers\myfixes\fix_last.py
853,fix_parrot.py,0,\Lib\lib2to3\tests\data\fixers\myfixes\fix_parrot.py
854,fix_preorder.py,0,\Lib\lib2to3\tests\data\fixers\myfixes\fix_preorder.py
855,__init__.py,0,\Lib\lib2to3\tests\data\fixers\myfixes\__init__.py
856,config.py,0,\Lib\logging\config.py
857,handlers.py,0,\Lib\logging\handlers.py
858,__init__.py,0,\Lib\logging\__init__.py
859,schema.py,0,\Lib\msilib\schema.py
860,sequence.py,0,\Lib\msilib\sequence.py
861,text.py,0,\Lib\msilib\text.py
862,__init__.py,0,\Lib\msilib\__init__.py
863,connection.py,0,\Lib\multiprocessing\connection.py
864,context.py,0,\Lib\multiprocessing\context.py
865,forkserver.py,0,\Lib\multiprocessing\forkserver.py
866,heap.py,0,\Lib\multiprocessing\heap.py
867,managers.py,0,\Lib\multiprocessing\managers.py
868,pool.py,0,\Lib\multiprocessing\pool.py
869,popen_fork.py,0,\Lib\multiprocessing\popen_fork.py
870,popen_forkserver.py,0,\Lib\multiprocessing\popen_forkserver.py
871,popen_spawn_posix.py,0,\Lib\multiprocessing\popen_spawn_posix.py
872,popen_spawn_win32.py,0,\Lib\multiprocessing\popen_spawn_win32.py
873,process.py,0,\Lib\multiprocessing\process.py
874,queues.py,0,\Lib\multiprocessing\queues.py
875,reduction.py,0,\Lib\multiprocessing\reduction.py
876,resource_sharer.py,0,\Lib\multiprocessing\resource_sharer.py
877,resource_tracker.py,0,\Lib\multiprocessing\resource_tracker.py
878,sharedctypes.py,0,\Lib\multiprocessing\sharedctypes.py
879,shared_memory.py,0,\Lib\multiprocessing\shared_memory.py
880,spawn.py,0,\Lib\multiprocessing\spawn.py
881,synchronize.py,0,\Lib\multiprocessing\synchronize.py
882,util.py,0,\Lib\multiprocessing\util.py
883,__init__.py,0,\Lib\multiprocessing\__init__.py
884,connection.py,0,\Lib\multiprocessing\dummy\connection.py
885,__init__.py,0,\Lib\multiprocessing\dummy\__init__.py
886,topics.py,0,\Lib\pydoc_data\topics.py
887,__init__.py,0,\Lib\pydoc_data\__init__.py
888,_casefix.py,0,\Lib\re\_casefix.py
889,_compiler.py,0,\Lib\re\_compiler.py
890,_constants.py,0,\Lib\re\_constants.py
891,_parser.py,0,\Lib\re\_parser.py
892,__init__.py,0,\Lib\re\__init__.py
893,dbapi2.py,0,\Lib\sqlite3\dbapi2.py
894,dump.py,0,\Lib\sqlite3\dump.py
895,__init__.py,0,\Lib\sqlite3\__init__.py
896,ann_module.py,0,\Lib\test\ann_module.py
897,ann_module2.py,0,\Lib\test\ann_module2.py
898,ann_module3.py,0,\Lib\test\ann_module3.py
899,ann_module4.py,0,\Lib\test\ann_module4.py
900,ann_module5.py,0,\Lib\test\ann_module5.py
901,ann_module6.py,0,\Lib\test\ann_module6.py
902,ann_module7.py,0,\Lib\test\ann_module7.py
903,ann_module8.py,0,\Lib\test\ann_module8.py
904,badsyntax_3131.py,0,\Lib\test\badsyntax_3131.py
905,badsyntax_future10.py,0,\Lib\test\badsyntax_future10.py
906,badsyntax_future3.py,0,\Lib\test\badsyntax_future3.py
907,badsyntax_future4.py,0,\Lib\test\badsyntax_future4.py
908,badsyntax_future5.py,0,\Lib\test\badsyntax_future5.py
909,badsyntax_future6.py,0,\Lib\test\badsyntax_future6.py
910,badsyntax_future7.py,0,\Lib\test\badsyntax_future7.py
911,badsyntax_future8.py,0,\Lib\test\badsyntax_future8.py
912,badsyntax_future9.py,0,\Lib\test\badsyntax_future9.py
913,badsyntax_pep3120.py,0,\Lib\test\badsyntax_pep3120.py
914,bad_coding.py,0,\Lib\test\bad_coding.py
915,bad_coding2.py,0,\Lib\test\bad_coding2.py
916,bad_getattr.py,0,\Lib\test\bad_getattr.py
917,bad_getattr2.py,0,\Lib\test\bad_getattr2.py
918,bad_getattr3.py,0,\Lib\test\bad_getattr3.py
919,bisect_cmd.py,0,\Lib\test\bisect_cmd.py
920,coding20731.py,0,\Lib\test\coding20731.py
921,dataclass_module_1.py,0,\Lib\test\dataclass_module_1.py
922,dataclass_module_1_str.py,0,\Lib\test\dataclass_module_1_str.py
923,dataclass_module_2.py,0,\Lib\test\dataclass_module_2.py
924,dataclass_module_2_str.py,0,\Lib\test\dataclass_module_2_str.py
925,dataclass_textanno.py,0,\Lib\test\dataclass_textanno.py
926,dis_module.py,0,\Lib\test\dis_module.py
927,double_const.py,0,\Lib\test\double_const.py
928,final_a.py,0,\Lib\test\final_a.py
929,final_b.py,0,\Lib\test\final_b.py
930,fork_wait.py,1,\Lib\test\fork_wait.py
931,gdb_sample.py,0,\Lib\test\gdb_sample.py
932,good_getattr.py,0,\Lib\test\good_getattr.py
933,imp_dummy.py,0,\Lib\test\imp_dummy.py
934,inspect_fodder.py,0,\Lib\test\inspect_fodder.py
935,inspect_fodder2.py,0,\Lib\test\inspect_fodder2.py
936,inspect_stock_annotations.py,0,\Lib\test\inspect_stock_annotations.py
937,inspect_stringized_annotations.py,0,\Lib\test\inspect_stringized_annotations.py
938,inspect_stringized_annotations_2.py,0,\Lib\test\inspect_stringized_annotations_2.py
939,make_ssl_certs.py,0,\Lib\test\make_ssl_certs.py
940,memory_watchdog.py,0,\Lib\test\memory_watchdog.py
941,mock_socket.py,0,\Lib\test\mock_socket.py
942,mod_generics_cache.py,0,\Lib\test\mod_generics_cache.py
943,mp_fork_bomb.py,0,\Lib\test\mp_fork_bomb.py
944,mp_preload.py,0,\Lib\test\mp_preload.py
945,multibytecodec_support.py,33,\Lib\test\multibytecodec_support.py
946,profilee.py,0,\Lib\test\profilee.py
947,pyclbr_input.py,0,\Lib\test\pyclbr_input.py
948,pydocfodder.py,0,\Lib\test\pydocfodder.py
949,pydoc_mod.py,0,\Lib\test\pydoc_mod.py
950,pythoninfo.py,0,\Lib\test\pythoninfo.py
951,relimport.py,0,\Lib\test\relimport.py
952,reperf.py,0,\Lib\test\reperf.py
953,sortperf.py,0,\Lib\test\sortperf.py
954,ssl_servers.py,0,\Lib\test\ssl_servers.py
955,tf_inherit_check.py,0,\Lib\test\tf_inherit_check.py
956,time_hashlib.py,0,\Lib\test\time_hashlib.py
957,win_console_handler.py,0,\Lib\test\win_console_handler.py
958,_typed_dict_helper.py,0,\Lib\test\_typed_dict_helper.py
959,__init__.py,0,\Lib\test\__init__.py
960,__main__.py,0,\Lib\test\__main__.py
961,bogus_code_obj.py,0,\Lib\test\crashers\bogus_code_obj.py
962,gc_inspection.py,0,\Lib\test\crashers\gc_inspection.py
963,infinite_loop_re.py,0,\Lib\test\crashers\infinite_loop_re.py
964,mutation_inside_cyclegc.py,0,\Lib\test\crashers\mutation_inside_cyclegc.py
965,recursive_call.py,0,\Lib\test\crashers\recursive_call.py
966,trace_at_recursion_limit.py,0,\Lib\test\crashers\trace_at_recursion_limit.py
967,underlying_dict.py,0,\Lib\test\crashers\underlying_dict.py
968,call_stack.py,0,\Lib\test\dtracedata\call_stack.py
969,gc.py,0,\Lib\test\dtracedata\gc.py
970,instance.py,0,\Lib\test\dtracedata\instance.py
971,line.py,0,\Lib\test\dtracedata\line.py
972,module_iso_8859_1.py,0,\Lib\test\encoded_modules\module_iso_8859_1.py
973,module_koi8_r.py,0,\Lib\test\encoded_modules\module_koi8_r.py
974,__init__.py,0,\Lib\test\encoded_modules\__init__.py
975,__init__.py,0,\Lib\test\leakers\__init__.py
976,cmdline.py,0,\Lib\test\libregrtest\cmdline.py
977,main.py,0,\Lib\test\libregrtest\main.py
978,pgo.py,0,\Lib\test\libregrtest\pgo.py
979,refleak.py,0,\Lib\test\libregrtest\refleak.py
980,save_env.py,0,\Lib\test\libregrtest\save_env.py
981,setup.py,0,\Lib\test\libregrtest\setup.py
982,utils.py,0,\Lib\test\libregrtest\utils.py
983,win_utils.py,0,\Lib\test\libregrtest\win_utils.py
984,__init__.py,0,\Lib\test\libregrtest\__init__.py
985,fd_status.py,0,\Lib\test\subprocessdata\fd_status.py
986,input_reader.py,0,\Lib\test\subprocessdata\input_reader.py
987,qcat.py,0,\Lib\test\subprocessdata\qcat.py
988,qgrep.py,0,\Lib\test\subprocessdata\qgrep.py
989,sigchild_ignore.py,0,\Lib\test\subprocessdata\sigchild_ignore.py
990,bytecode_helper.py,0,\Lib\test\support\bytecode_helper.py
991,hashlib_helper.py,0,\Lib\test\support\hashlib_helper.py
992,import_helper.py,0,\Lib\test\support\import_helper.py
993,interpreters.py,0,\Lib\test\support\interpreters.py
994,logging_helper.py,0,\Lib\test\support\logging_helper.py
995,os_helper.py,0,\Lib\test\support\os_helper.py
996,script_helper.py,0,\Lib\test\support\script_helper.py
997,socket_helper.py,0,\Lib\test\support\socket_helper.py
998,threading_helper.py,0,\Lib\test\support\threading_helper.py
999,warnings_helper.py,0,\Lib\test\support\warnings_helper.py
1000,__init__.py,3,\Lib\test\support\__init__.py
1001,echo.py,0,\Lib\test\test_asyncio\echo.py
1002,echo2.py,0,\Lib\test\test_asyncio\echo2.py
1003,echo3.py,0,\Lib\test\test_asyncio\echo3.py
1004,functional.py,0,\Lib\test\test_asyncio\functional.py
1005,utils.py,1,\Lib\test\test_asyncio\utils.py
1006,__init__.py,0,\Lib\test\test_asyncio\__init__.py
1007,__main__.py,0,\Lib\test\test_asyncio\__main__.py
1008,__init__.py,6,\Lib\test\test_email\__init__.py
1009,__main__.py,0,\Lib\test\test_email\__main__.py
1010,__init__.py,135,\Lib\test\test_import\__init__.py
1011,__main__.py,0,\Lib\test\test_import\__main__.py
1012,basic.py,0,\Lib\test\test_import\data\circular_imports\basic.py
1013,basic2.py,0,\Lib\test\test_import\data\circular_imports\basic2.py
1014,binding.py,0,\Lib\test\test_import\data\circular_imports\binding.py
1015,binding2.py,0,\Lib\test\test_import\data\circular_imports\binding2.py
1016,from_cycle1.py,0,\Lib\test\test_import\data\circular_imports\from_cycle1.py
1017,from_cycle2.py,0,\Lib\test\test_import\data\circular_imports\from_cycle2.py
1018,indirect.py,0,\Lib\test\test_import\data\circular_imports\indirect.py
1019,rebinding.py,0,\Lib\test\test_import\data\circular_imports\rebinding.py
1020,rebinding2.py,0,\Lib\test\test_import\data\circular_imports\rebinding2.py
1021,source.py,0,\Lib\test\test_import\data\circular_imports\source.py
1022,subpackage.py,0,\Lib\test\test_import\data\circular_imports\subpackage.py
1023,use.py,0,\Lib\test\test_import\data\circular_imports\use.py
1024,util.py,0,\Lib\test\test_import\data\circular_imports\util.py
1025,subpackage2.py,0,\Lib\test\test_import\data\circular_imports\subpkg\subpackage2.py
1026,util.py,0,\Lib\test\test_import\data\circular_imports\subpkg\util.py
1027,__init__.py,0,\Lib\test\test_import\data\circular_imports\subpkg2\__init__.py
1028,child.py,0,\Lib\test\test_import\data\circular_imports\subpkg2\parent\child.py
1029,__init__.py,0,\Lib\test\test_import\data\circular_imports\subpkg2\parent\__init__.py
1030,submodule.py,0,\Lib\test\test_import\data\package\submodule.py
1031,__init__.py,0,\Lib\test\test_import\data\package\__init__.py
1032,submodule1.py,0,\Lib\test\test_import\data\package2\submodule1.py
1033,submodule2.py,0,\Lib\test\test_import\data\package2\submodule2.py
1034,x.py,0,\Lib\test\test_import\data\unwritable\x.py
1035,__init__.py,0,\Lib\test\test_import\data\unwritable\__init__.py
1036,abc.py,0,\Lib\test\test_importlib\abc.py
1037,fixtures.py,0,\Lib\test\test_importlib\fixtures.py
1038,stubs.py,0,\Lib\test\test_importlib\stubs.py
1039,threaded_import_hangers.py,0,\Lib\test\test_importlib\threaded_import_hangers.py
1040,update-zips.py,0,\Lib\test\test_importlib\update-zips.py
1041,util.py,0,\Lib\test\test_importlib\util.py
1042,__init__.py,0,\Lib\test\test_importlib\__init__.py
1043,__main__.py,0,\Lib\test\test_importlib\__main__.py
1044,__init__.py,0,\Lib\test\test_importlib\builtin\__init__.py
1045,__main__.py,0,\Lib\test\test_importlib\builtin\__main__.py
1046,__init__.py,0,\Lib\test\test_importlib\data\__init__.py
1047,__init__.py,0,\Lib\test\test_importlib\data01\__init__.py
1048,__init__.py,0,\Lib\test\test_importlib\data01\subdirectory\__init__.py
1049,__init__.py,0,\Lib\test\test_importlib\data02\__init__.py
1050,__init__.py,0,\Lib\test\test_importlib\data02\one\__init__.py
1051,__init__.py,0,\Lib\test\test_importlib\data02\two\__init__.py
1052,__init__.py,0,\Lib\test\test_importlib\data03\__init__.py
1053,__init__.py,0,\Lib\test\test_importlib\data03\namespace\portion1\__init__.py
1054,__init__.py,0,\Lib\test\test_importlib\data03\namespace\portion2\__init__.py
1055,__init__.py,0,\Lib\test\test_importlib\extension\__init__.py
1056,__main__.py,0,\Lib\test\test_importlib\extension\__main__.py
1057,__init__.py,0,\Lib\test\test_importlib\frozen\__init__.py
1058,__main__.py,0,\Lib\test\test_importlib\frozen\__main__.py
1059,__init__.py,0,\Lib\test\test_importlib\import_\__init__.py
1060,__main__.py,0,\Lib\test\test_importlib\import_\__main__.py
1061,one.py,0,\Lib\test\test_importlib\namespace_pkgs\both_portions\foo\one.py
1062,two.py,0,\Lib\test\test_importlib\namespace_pkgs\both_portions\foo\two.py
1063,one.py,0,\Lib\test\test_importlib\namespace_pkgs\not_a_namespace_pkg\foo\one.py
1064,__init__.py,0,\Lib\test\test_importlib\namespace_pkgs\not_a_namespace_pkg\foo\__init__.py
1065,one.py,0,\Lib\test\test_importlib\namespace_pkgs\portion1\foo\one.py
1066,two.py,0,\Lib\test\test_importlib\namespace_pkgs\portion2\foo\two.py
1067,one.py,0,\Lib\test\test_importlib\namespace_pkgs\project1\parent\child\one.py
1068,two.py,0,\Lib\test\test_importlib\namespace_pkgs\project2\parent\child\two.py
1069,three.py,0,\Lib\test\test_importlib\namespace_pkgs\project3\parent\child\three.py
1070,cfimport.py,0,\Lib\test\test_importlib\partial\cfimport.py
1071,pool_in_threads.py,0,\Lib\test\test_importlib\partial\pool_in_threads.py
1072,util.py,5,\Lib\test\test_importlib\resources\util.py
1073,__init__.py,0,\Lib\test\test_importlib\resources\__init__.py
1074,__init__.py,0,\Lib\test\test_importlib\source\__init__.py
1075,__main__.py,0,\Lib\test\test_importlib\source\__main__.py
1076,__init__.py,0,\Lib\test\test_importlib\zipdata01\__init__.py
1077,__init__.py,0,\Lib\test\test_importlib\zipdata02\__init__.py
1078,__init__.py,7,\Lib\test\test_json\__init__.py
1079,__main__.py,0,\Lib\test\test_json\__main__.py
1080,__init__.py,0,\Lib\test\test_peg_generator\__init__.py
1081,__main__.py,0,\Lib\test\test_peg_generator\__main__.py
1082,__init__.py,0,\Lib\test\test_sqlite3\__init__.py
1083,__main__.py,0,\Lib\test\test_sqlite3\__main__.py
1084,burntsushi.py,0,\Lib\test\test_tomllib\burntsushi.py
1085,__init__.py,0,\Lib\test\test_tomllib\__init__.py
1086,__main__.py,0,\Lib\test\test_tomllib\__main__.py
1087,__init__.py,0,\Lib\test\test_tools\__init__.py
1088,__main__.py,0,\Lib\test\test_tools\__main__.py
1089,__init__.py,194,\Lib\test\test_warnings\__init__.py
1090,__main__.py,0,\Lib\test\test_warnings\__main__.py
1091,import_warning.py,0,\Lib\test\test_warnings\data\import_warning.py
1092,stacklevel.py,0,\Lib\test\test_warnings\data\stacklevel.py
1093,_support.py,0,\Lib\test\test_zoneinfo\_support.py
1094,__init__.py,0,\Lib\test\test_zoneinfo\__init__.py
1095,__main__.py,0,\Lib\test\test_zoneinfo\__main__.py
1096,__init__.py,0,\Lib\test\tracedmodules\__init__.py
1097,colorchooser.py,0,\Lib\tkinter\colorchooser.py
1098,commondialog.py,0,\Lib\tkinter\commondialog.py
1099,constants.py,0,\Lib\tkinter\constants.py
1100,dialog.py,0,\Lib\tkinter\dialog.py
1101,dnd.py,0,\Lib\tkinter\dnd.py
1102,filedialog.py,0,\Lib\tkinter\filedialog.py
1103,font.py,0,\Lib\tkinter\font.py
1104,messagebox.py,0,\Lib\tkinter\messagebox.py
1105,scrolledtext.py,0,\Lib\tkinter\scrolledtext.py
1106,simpledialog.py,0,\Lib\tkinter\simpledialog.py
1107,tix.py,0,\Lib\tkinter\tix.py
1108,ttk.py,0,\Lib\tkinter\ttk.py
1109,__init__.py,0,\Lib\tkinter\__init__.py
1110,__main__.py,0,\Lib\tkinter\__main__.py
1111,support.py,5,\Lib\tkinter\test\support.py
1112,__init__.py,0,\Lib\tkinter\test\__init__.py
1113,__init__.py,0,\Lib\tkinter\test\test_tkinter\__init__.py
1114,__init__.py,0,\Lib\tkinter\test\test_ttk\__init__.py
1115,_parser.py,0,\Lib\tomllib\_parser.py
1116,_re.py,0,\Lib\tomllib\_re.py
1117,_types.py,0,\Lib\tomllib\_types.py
1118,__init__.py,0,\Lib\tomllib\__init__.py
1119,bytedesign.py,0,\Lib\turtledemo\bytedesign.py
1120,chaos.py,0,\Lib\turtledemo\chaos.py
1121,clock.py,0,\Lib\turtledemo\clock.py
1122,colormixer.py,0,\Lib\turtledemo\colormixer.py
1123,forest.py,0,\Lib\turtledemo\forest.py
1124,fractalcurves.py,0,\Lib\turtledemo\fractalcurves.py
1125,lindenmayer.py,0,\Lib\turtledemo\lindenmayer.py
1126,minimal_hanoi.py,0,\Lib\turtledemo\minimal_hanoi.py
1127,nim.py,0,\Lib\turtledemo\nim.py
1128,paint.py,0,\Lib\turtledemo\paint.py
1129,peace.py,0,\Lib\turtledemo\peace.py
1130,penrose.py,0,\Lib\turtledemo\penrose.py
1131,planet_and_moon.py,0,\Lib\turtledemo\planet_and_moon.py
1132,rosette.py,0,\Lib\turtledemo\rosette.py
1133,round_dance.py,0,\Lib\turtledemo\round_dance.py
1134,sorting_animate.py,0,\Lib\turtledemo\sorting_animate.py
1135,tree.py,0,\Lib\turtledemo\tree.py
1136,two_canvases.py,0,\Lib\turtledemo\two_canvases.py
1137,yinyang.py,0,\Lib\turtledemo\yinyang.py
1138,__init__.py,0,\Lib\turtledemo\__init__.py
1139,__main__.py,0,\Lib\turtledemo\__main__.py
1140,async_case.py,0,\Lib\unittest\async_case.py
1141,case.py,25,\Lib\unittest\case.py
1142,loader.py,0,\Lib\unittest\loader.py
1143,main.py,0,\Lib\unittest\main.py
1144,mock.py,2,\Lib\unittest\mock.py
1145,result.py,0,\Lib\unittest\result.py
1146,runner.py,0,\Lib\unittest\runner.py
1147,signals.py,0,\Lib\unittest\signals.py
1148,suite.py,0,\Lib\unittest\suite.py
1149,util.py,0,\Lib\unittest\util.py
1150,_log.py,0,\Lib\unittest\_log.py
1151,__init__.py,4,\Lib\unittest\__init__.py
1152,__main__.py,0,\Lib\unittest\__main__.py
1153,dummy.py,0,\Lib\unittest\test\dummy.py
1154,support.py,4,\Lib\unittest\test\support.py
1155,__init__.py,0,\Lib\unittest\test\__init__.py
1156,__main__.py,0,\Lib\unittest\test\__main__.py
1157,support.py,0,\Lib\unittest\test\testmock\support.py
1158,__init__.py,0,\Lib\unittest\test\testmock\__init__.py
1159,__main__.py,0,\Lib\unittest\test\testmock\__main__.py
1160,error.py,0,\Lib\urllib\error.py
1161,parse.py,0,\Lib\urllib\parse.py
1162,request.py,0,\Lib\urllib\request.py
1163,response.py,0,\Lib\urllib\response.py
1164,robotparser.py,0,\Lib\urllib\robotparser.py
1165,__init__.py,0,\Lib\urllib\__init__.py
1166,__init__.py,0,\Lib\venv\__init__.py
1167,__main__.py,0,\Lib\venv\__main__.py
1168,handlers.py,0,\Lib\wsgiref\handlers.py
1169,headers.py,0,\Lib\wsgiref\headers.py
1170,simple_server.py,0,\Lib\wsgiref\simple_server.py
1171,types.py,0,\Lib\wsgiref\types.py
1172,util.py,0,\Lib\wsgiref\util.py
1173,validate.py,0,\Lib\wsgiref\validate.py
1174,__init__.py,0,\Lib\wsgiref\__init__.py
1175,__init__.py,0,\Lib\xml\__init__.py
1176,domreg.py,0,\Lib\xml\dom\domreg.py
1177,expatbuilder.py,0,\Lib\xml\dom\expatbuilder.py
1178,minicompat.py,0,\Lib\xml\dom\minicompat.py
1179,minidom.py,0,\Lib\xml\dom\minidom.py
1180,NodeFilter.py,0,\Lib\xml\dom\NodeFilter.py
1181,pulldom.py,0,\Lib\xml\dom\pulldom.py
1182,xmlbuilder.py,0,\Lib\xml\dom\xmlbuilder.py
1183,__init__.py,0,\Lib\xml\dom\__init__.py
1184,cElementTree.py,0,\Lib\xml\etree\cElementTree.py
1185,ElementInclude.py,0,\Lib\xml\etree\ElementInclude.py
1186,ElementPath.py,0,\Lib\xml\etree\ElementPath.py
1187,ElementTree.py,0,\Lib\xml\etree\ElementTree.py
1188,__init__.py,0,\Lib\xml\etree\__init__.py
1189,expat.py,0,\Lib\xml\parsers\expat.py
1190,__init__.py,0,\Lib\xml\parsers\__init__.py
1191,expatreader.py,0,\Lib\xml\sax\expatreader.py
1192,handler.py,0,\Lib\xml\sax\handler.py
1193,saxutils.py,0,\Lib\xml\sax\saxutils.py
1194,xmlreader.py,0,\Lib\xml\sax\xmlreader.py
1195,_exceptions.py,0,\Lib\xml\sax\_exceptions.py
1196,__init__.py,0,\Lib\xml\sax\__init__.py
1197,client.py,0,\Lib\xmlrpc\client.py
1198,server.py,0,\Lib\xmlrpc\server.py
1199,__init__.py,0,\Lib\xmlrpc\__init__.py
1200,_common.py,0,\Lib\zoneinfo\_common.py
1201,_tzpath.py,0,\Lib\zoneinfo\_tzpath.py
1202,_zoneinfo.py,0,\Lib\zoneinfo\_zoneinfo.py
1203,__init__.py,0,\Lib\zoneinfo\__init__.py
1204,spam.py,0,\Lib\__phello__\spam.py
1205,__init__.py,0,\Lib\__phello__\__init__.py
1206,eggs.py,0,\Lib\__phello__\ham\eggs.py
1207,__init__.py,0,\Lib\__phello__\ham\__init__.py
1208,Extras.install.py,0,\Mac\Extras.install.py
1209,build-installer.py,0,\Mac\BuildScript\build-installer.py
1210,idlemain.py,0,\Mac\IDLE\IDLE.app\Contents\Resources\idlemain.py
1211,pythonw.c,0,\Mac\Tools\pythonw.c
1212,coverity_model.c,0,\Misc\coverity_model.c
1213,arraymodule.c,0,\Modules\arraymodule.c
1214,atexitmodule.c,0,\Modules\atexitmodule.c
1215,audioop.c,0,\Modules\audioop.c
1216,binascii.c,0,\Modules\binascii.c
1217,cmathmodule.c,0,\Modules\cmathmodule.c
1218,errnomodule.c,0,\Modules\errnomodule.c
1219,faulthandler.c,0,\Modules\faulthandler.c
1220,fcntlmodule.c,0,\Modules\fcntlmodule.c
1221,gcmodule.c,0,\Modules\gcmodule.c
1222,getaddrinfo.c,0,\Modules\getaddrinfo.c
1223,getbuildinfo.c,0,\Modules\getbuildinfo.c
1224,getnameinfo.c,0,\Modules\getnameinfo.c
1225,getpath.c,0,\Modules\getpath.c
1226,getpath.py,0,\Modules\getpath.py
1227,getpath_noop.c,0,\Modules\getpath_noop.c
1228,grpmodule.c,0,\Modules\grpmodule.c
1229,itertoolsmodule.c,0,\Modules\itertoolsmodule.c
1230,main.c,0,\Modules\main.c
1231,mathmodule.c,0,\Modules\mathmodule.c
1232,md5module.c,0,\Modules\md5module.c
1233,mmapmodule.c,0,\Modules\mmapmodule.c
1234,nismodule.c,0,\Modules\nismodule.c
1235,ossaudiodev.c,0,\Modules\ossaudiodev.c
1236,overlapped.c,0,\Modules\overlapped.c
1237,posixmodule.c,0,\Modules\posixmodule.c
1238,pwdmodule.c,0,\Modules\pwdmodule.c
1239,pyexpat.c,0,\Modules\pyexpat.c
1240,readline.c,0,\Modules\readline.c
1241,resource.c,0,\Modules\resource.c
1242,rotatingtree.c,0,\Modules\rotatingtree.c
1243,selectmodule.c,0,\Modules\selectmodule.c
1244,sha1module.c,0,\Modules\sha1module.c
1245,sha256module.c,0,\Modules\sha256module.c
1246,sha512module.c,0,\Modules\sha512module.c
1247,signalmodule.c,0,\Modules\signalmodule.c
1248,socketmodule.c,0,\Modules\socketmodule.c
1249,spwdmodule.c,0,\Modules\spwdmodule.c
1250,symtablemodule.c,0,\Modules\symtablemodule.c
1251,syslogmodule.c,0,\Modules\syslogmodule.c
1252,termios.c,0,\Modules\termios.c
1253,timemodule.c,0,\Modules\timemodule.c
1254,tkappinit.c,0,\Modules\tkappinit.c
1255,unicodedata.c,0,\Modules\unicodedata.c
1256,xxlimited.c,0,\Modules\xxlimited.c
1257,xxlimited_35.c,0,\Modules\xxlimited_35.c
1258,xxmodule.c,0,\Modules\xxmodule.c
1259,xxsubtype.c,0,\Modules\xxsubtype.c
1260,zlibmodule.c,0,\Modules\zlibmodule.c
1261,_abc.c,0,\Modules\_abc.c
1262,_asynciomodule.c,0,\Modules\_asynciomodule.c
1263,_bisectmodule.c,0,\Modules\_bisectmodule.c
1264,_bz2module.c,0,\Modules\_bz2module.c
1265,_codecsmodule.c,0,\Modules\_codecsmodule.c
1266,_collectionsmodule.c,0,\Modules\_collectionsmodule.c
1267,_contextvarsmodule.c,0,\Modules\_contextvarsmodule.c
1268,_cryptmodule.c,0,\Modules\_cryptmodule.c
1269,_csv.c,0,\Modules\_csv.c
1270,_cursesmodule.c,0,\Modules\_cursesmodule.c
1271,_curses_panel.c,0,\Modules\_curses_panel.c
1272,_datetimemodule.c,0,\Modules\_datetimemodule.c
1273,_dbmmodule.c,0,\Modules\_dbmmodule.c
1274,_elementtree.c,0,\Modules\_elementtree.c
1275,_functoolsmodule.c,0,\Modules\_functoolsmodule.c
1276,_gdbmmodule.c,0,\Modules\_gdbmmodule.c
1277,_hashopenssl.c,0,\Modules\_hashopenssl.c
1278,_heapqmodule.c,0,\Modules\_heapqmodule.c
1279,_json.c,0,\Modules\_json.c
1280,_localemodule.c,0,\Modules\_localemodule.c
1281,_lsprof.c,0,\Modules\_lsprof.c
1282,_lzmamodule.c,0,\Modules\_lzmamodule.c
1283,_opcode.c,0,\Modules\_opcode.c
1284,_operator.c,0,\Modules\_operator.c
1285,_pickle.c,0,\Modules\_pickle.c
1286,_posixsubprocess.c,0,\Modules\_posixsubprocess.c
1287,_queuemodule.c,0,\Modules\_queuemodule.c
1288,_randommodule.c,0,\Modules\_randommodule.c
1289,_scproxy.c,0,\Modules\_scproxy.c
1290,_ssl.c,0,\Modules\_ssl.c
1291,_stat.c,0,\Modules\_stat.c
1292,_statisticsmodule.c,0,\Modules\_statisticsmodule.c
1293,_struct.c,0,\Modules\_struct.c
1294,_threadmodule.c,0,\Modules\_threadmodule.c
1295,_tkinter.c,0,\Modules\_tkinter.c
1296,_tracemalloc.c,0,\Modules\_tracemalloc.c
1297,_typingmodule.c,0,\Modules\_typingmodule.c
1298,_uuidmodule.c,0,\Modules\_uuidmodule.c
1299,_weakref.c,0,\Modules\_weakref.c
1300,_winapi.c,0,\Modules\_winapi.c
1301,_xxsubinterpretersmodule.c,0,\Modules\_xxsubinterpretersmodule.c
1302,_zoneinfo.c,0,\Modules\_zoneinfo.c
1303,multibytecodec.c,0,\Modules\cjkcodecs\multibytecodec.c
1304,_codecs_cn.c,0,\Modules\cjkcodecs\_codecs_cn.c
1305,_codecs_hk.c,0,\Modules\cjkcodecs\_codecs_hk.c
1306,_codecs_iso2022.c,0,\Modules\cjkcodecs\_codecs_iso2022.c
1307,_codecs_jp.c,0,\Modules\cjkcodecs\_codecs_jp.c
1308,_codecs_kr.c,0,\Modules\cjkcodecs\_codecs_kr.c
1309,_codecs_tw.c,0,\Modules\cjkcodecs\_codecs_tw.c
1310,xmlparse.c,0,\Modules\expat\xmlparse.c
1311,xmlrole.c,0,\Modules\expat\xmlrole.c
1312,xmltok.c,0,\Modules\expat\xmltok.c
1313,xmltok_impl.c,0,\Modules\expat\xmltok_impl.c
1314,xmltok_ns.c,0,\Modules\expat\xmltok_ns.c
1315,blake2b2s.py,0,\Modules\_blake2\blake2b2s.py
1316,blake2b_impl.c,0,\Modules\_blake2\blake2b_impl.c
1317,blake2module.c,0,\Modules\_blake2\blake2module.c
1318,blake2s_impl.c,0,\Modules\_blake2\blake2s_impl.c
1319,blake2b-ref.c,0,\Modules\_blake2\impl\blake2b-ref.c
1320,blake2b.c,0,\Modules\_blake2\impl\blake2b.c
1321,blake2s-ref.c,0,\Modules\_blake2\impl\blake2s-ref.c
1322,blake2s.c,0,\Modules\_blake2\impl\blake2s.c
1323,callbacks.c,0,\Modules\_ctypes\callbacks.c
1324,callproc.c,0,\Modules\_ctypes\callproc.c
1325,cfield.c,0,\Modules\_ctypes\cfield.c
1326,malloc_closure.c,0,\Modules\_ctypes\malloc_closure.c
1327,stgdict.c,0,\Modules\_ctypes\stgdict.c
1328,_ctypes.c,0,\Modules\_ctypes\_ctypes.c
1329,dlfcn_simple.c,0,\Modules\_ctypes\darwin\dlfcn_simple.c
1330,ffi.c,0,\Modules\_ctypes\libffi_osx\ffi.c
1331,types.c,0,\Modules\_ctypes\libffi_osx\types.c
1332,ppc-ffi_darwin.c,0,\Modules\_ctypes\libffi_osx\powerpc\ppc-ffi_darwin.c
1333,x86-ffi64.c,0,\Modules\_ctypes\libffi_osx\x86\x86-ffi64.c
1334,x86-ffi_darwin.c,0,\Modules\_ctypes\libffi_osx\x86\x86-ffi_darwin.c
1335,_decimal.c,0,\Modules\_decimal\_decimal.c
1336,basearith.c,0,\Modules\_decimal\libmpdec\basearith.c
1337,bench.c,0,\Modules\_decimal\libmpdec\bench.c
1338,bench_full.c,0,\Modules\_decimal\libmpdec\bench_full.c
1339,constants.c,0,\Modules\_decimal\libmpdec\constants.c
1340,context.c,0,\Modules\_decimal\libmpdec\context.c
1341,convolute.c,0,\Modules\_decimal\libmpdec\convolute.c
1342,crt.c,0,\Modules\_decimal\libmpdec\crt.c
1343,difradix2.c,0,\Modules\_decimal\libmpdec\difradix2.c
1344,fnt.c,0,\Modules\_decimal\libmpdec\fnt.c
1345,fourstep.c,0,\Modules\_decimal\libmpdec\fourstep.c
1346,io.c,0,\Modules\_decimal\libmpdec\io.c
1347,mpalloc.c,0,\Modules\_decimal\libmpdec\mpalloc.c
1348,mpdecimal.c,0,\Modules\_decimal\libmpdec\mpdecimal.c
1349,mpsignal.c,0,\Modules\_decimal\libmpdec\mpsignal.c
1350,numbertheory.c,0,\Modules\_decimal\libmpdec\numbertheory.c
1351,sixstep.c,0,\Modules\_decimal\libmpdec\sixstep.c
1352,transpose.c,0,\Modules\_decimal\libmpdec\transpose.c
1353,compare.c,0,\Modules\_decimal\libmpdec\examples\compare.c
1354,div.c,0,\Modules\_decimal\libmpdec\examples\div.c
1355,divmod.c,0,\Modules\_decimal\libmpdec\examples\divmod.c
1356,multiply.c,0,\Modules\_decimal\libmpdec\examples\multiply.c
1357,pow.c,0,\Modules\_decimal\libmpdec\examples\pow.c
1358,powmod.c,0,\Modules\_decimal\libmpdec\examples\powmod.c
1359,shift.c,0,\Modules\_decimal\libmpdec\examples\shift.c
1360,sqrt.c,0,\Modules\_decimal\libmpdec\examples\sqrt.c
1361,fnt.py,0,\Modules\_decimal\libmpdec\literature\fnt.py
1362,bench.py,0,\Modules\_decimal\tests\bench.py
1363,bignum.py,0,\Modules\_decimal\tests\bignum.py
1364,deccheck.py,0,\Modules\_decimal\tests\deccheck.py
1365,formathelper.py,0,\Modules\_decimal\tests\formathelper.py
1366,randdec.py,0,\Modules\_decimal\tests\randdec.py
1367,randfloat.py,0,\Modules\_decimal\tests\randfloat.py
1368,bufferedio.c,0,\Modules\_io\bufferedio.c
1369,bytesio.c,0,\Modules\_io\bytesio.c
1370,fileio.c,0,\Modules\_io\fileio.c
1371,iobase.c,0,\Modules\_io\iobase.c
1372,stringio.c,0,\Modules\_io\stringio.c
1373,textio.c,0,\Modules\_io\textio.c
1374,winconsoleio.c,0,\Modules\_io\winconsoleio.c
1375,_iomodule.c,0,\Modules\_io\_iomodule.c
1376,multiprocessing.c,0,\Modules\_multiprocessing\multiprocessing.c
1377,posixshmem.c,0,\Modules\_multiprocessing\posixshmem.c
1378,semaphore.c,0,\Modules\_multiprocessing\semaphore.c
1379,sha3.c,0,\Modules\_sha3\sha3.c
1380,sha3module.c,0,\Modules\_sha3\sha3module.c
1381,blob.c,0,\Modules\_sqlite\blob.c
1382,connection.c,0,\Modules\_sqlite\connection.c
1383,cursor.c,0,\Modules\_sqlite\cursor.c
1384,microprotocols.c,0,\Modules\_sqlite\microprotocols.c
1385,module.c,0,\Modules\_sqlite\module.c
1386,prepare_protocol.c,0,\Modules\_sqlite\prepare_protocol.c
1387,row.c,0,\Modules\_sqlite\row.c
1388,statement.c,0,\Modules\_sqlite\statement.c
1389,util.c,0,\Modules\_sqlite\util.c
1390,sre.c,0,\Modules\_sre\sre.c
1391,cert.c,0,\Modules\_ssl\cert.c
1392,debughelpers.c,0,\Modules\_ssl\debughelpers.c
1393,misc.c,0,\Modules\_ssl\misc.c
1394,fuzzer.c,0,\Modules\_xxtestfuzz\fuzzer.c
1395,abstract.c,0,\Objects\abstract.c
1396,accu.c,0,\Objects\accu.c
1397,boolobject.c,0,\Objects\boolobject.c
1398,bytearrayobject.c,0,\Objects\bytearrayobject.c
1399,bytesobject.c,0,\Objects\bytesobject.c
1400,bytes_methods.c,0,\Objects\bytes_methods.c
1401,call.c,0,\Objects\call.c
1402,capsule.c,0,\Objects\capsule.c
1403,cellobject.c,0,\Objects\cellobject.c
1404,classobject.c,0,\Objects\classobject.c
1405,codeobject.c,0,\Objects\codeobject.c
1406,complexobject.c,0,\Objects\complexobject.c
1407,descrobject.c,0,\Objects\descrobject.c
1408,dictobject.c,0,\Objects\dictobject.c
1409,enumobject.c,0,\Objects\enumobject.c
1410,exceptions.c,0,\Objects\exceptions.c
1411,fileobject.c,0,\Objects\fileobject.c
1412,floatobject.c,0,\Objects\floatobject.c
1413,frameobject.c,0,\Objects\frameobject.c
1414,funcobject.c,0,\Objects\funcobject.c
1415,genericaliasobject.c,0,\Objects\genericaliasobject.c
1416,genobject.c,0,\Objects\genobject.c
1417,interpreteridobject.c,0,\Objects\interpreteridobject.c
1418,iterobject.c,0,\Objects\iterobject.c
1419,listobject.c,0,\Objects\listobject.c
1420,longobject.c,0,\Objects\longobject.c
1421,memoryobject.c,0,\Objects\memoryobject.c
1422,methodobject.c,0,\Objects\methodobject.c
1423,moduleobject.c,0,\Objects\moduleobject.c
1424,namespaceobject.c,0,\Objects\namespaceobject.c
1425,object.c,0,\Objects\object.c
1426,obmalloc.c,0,\Objects\obmalloc.c
1427,odictobject.c,0,\Objects\odictobject.c
1428,picklebufobject.c,0,\Objects\picklebufobject.c
1429,rangeobject.c,0,\Objects\rangeobject.c
1430,setobject.c,0,\Objects\setobject.c
1431,sliceobject.c,0,\Objects\sliceobject.c
1432,structseq.c,0,\Objects\structseq.c
1433,tupleobject.c,0,\Objects\tupleobject.c
1434,typeobject.c,0,\Objects\typeobject.c
1435,typeslots.py,0,\Objects\typeslots.py
1436,unicodectype.c,0,\Objects\unicodectype.c
1437,unicodeobject.c,0,\Objects\unicodeobject.c
1438,unionobject.c,0,\Objects\unionobject.c
1439,weakrefobject.c,0,\Objects\weakrefobject.c
1440,action_helpers.c,0,\Parser\action_helpers.c
1441,asdl.py,0,\Parser\asdl.py
1442,asdl_c.py,0,\Parser\asdl_c.py
1443,myreadline.c,0,\Parser\myreadline.c
1444,parser.c,0,\Parser\parser.c
1445,pegen.c,0,\Parser\pegen.c
1446,pegen_errors.c,0,\Parser\pegen_errors.c
1447,peg_api.c,0,\Parser\peg_api.c
1448,string_parser.c,0,\Parser\string_parser.c
1449,token.c,0,\Parser\token.c
1450,tokenizer.c,0,\Parser\tokenizer.c
1451,config.c,0,\PC\config.c
1452,config_minimal.c,0,\PC\config_minimal.c
1453,dl_nt.c,0,\PC\dl_nt.c
1454,empty.c,0,\PC\empty.c
1455,frozen_dllmain.c,0,\PC\frozen_dllmain.c
1456,invalid_parameter_handler.c,0,\PC\invalid_parameter_handler.c
1457,launcher.c,0,\PC\launcher.c
1458,launcher2.c,0,\PC\launcher2.c
1459,msvcrtmodule.c,0,\PC\msvcrtmodule.c
1460,python3dll.c,0,\PC\python3dll.c
1461,validate_ucrtbase.py,0,\PC\validate_ucrtbase.py
1462,WinMain.c,0,\PC\WinMain.c
1463,winreg.c,0,\PC\winreg.c
1464,winsound.c,0,\PC\winsound.c
1465,_msi.c,0,\PC\_msi.c
1466,main.py,0,\PC\layout\main.py
1467,__init__.py,0,\PC\layout\__init__.py
1468,__main__.py,0,\PC\layout\__main__.py
1469,appxmanifest.py,0,\PC\layout\support\appxmanifest.py
1470,catalog.py,0,\PC\layout\support\catalog.py
1471,constants.py,0,\PC\layout\support\constants.py
1472,filesets.py,0,\PC\layout\support\filesets.py
1473,logging.py,0,\PC\layout\support\logging.py
1474,nuspec.py,0,\PC\layout\support\nuspec.py
1475,options.py,0,\PC\layout\support\options.py
1476,pip.py,0,\PC\layout\support\pip.py
1477,props.py,0,\PC\layout\support\props.py
1478,__init__.py,0,\PC\layout\support\__init__.py
1479,field3.py,0,\PCbuild\field3.py
1480,fix_encoding.py,0,\PCbuild\fix_encoding.py
1481,get_external.py,0,\PCbuild\get_external.py
1482,prepare_ssl.py,0,\PCbuild\prepare_ssl.py
1483,rmpyc.py,0,\PCbuild\rmpyc.py
1484,urlretrieve.py,0,\PCbuild\urlretrieve.py
1485,python.c,0,\Programs\python.c
1486,_bootstrap_python.c,0,\Programs\_bootstrap_python.c
1487,_freeze_module.c,0,\Programs\_freeze_module.c
1488,_freeze_module.py,0,\Programs\_freeze_module.py
1489,asdl.c,0,\Python\asdl.c
1490,ast.c,0,\Python\ast.c
1491,ast_opt.c,0,\Python\ast_opt.c
1492,ast_unparse.c,0,\Python\ast_unparse.c
1493,bltinmodule.c,0,\Python\bltinmodule.c
1494,bootstrap_hash.c,0,\Python\bootstrap_hash.c
1495,ceval.c,0,\Python\ceval.c
1496,codecs.c,0,\Python\codecs.c
1497,compile.c,0,\Python\compile.c
1498,context.c,0,\Python\context.c
1499,dtoa.c,0,\Python\dtoa.c
1500,dup2.c,0,\Python\dup2.c
1501,dynamic_annotations.c,0,\Python\dynamic_annotations.c
1502,dynload_hpux.c,0,\Python\dynload_hpux.c
1503,dynload_shlib.c,0,\Python\dynload_shlib.c
1504,dynload_stub.c,0,\Python\dynload_stub.c
1505,dynload_win.c,0,\Python\dynload_win.c
1506,emscripten_signal.c,0,\Python\emscripten_signal.c
1507,errors.c,0,\Python\errors.c
1508,fileutils.c,0,\Python\fileutils.c
1509,formatter_unicode.c,0,\Python\formatter_unicode.c
1510,frame.c,0,\Python\frame.c
1511,frozen.c,0,\Python\frozen.c
1512,frozenmain.c,0,\Python\frozenmain.c
1513,future.c,0,\Python\future.c
1514,getargs.c,0,\Python\getargs.c
1515,getcompiler.c,0,\Python\getcompiler.c
1516,getcopyright.c,0,\Python\getcopyright.c
1517,getopt.c,0,\Python\getopt.c
1518,getplatform.c,0,\Python\getplatform.c
1519,getversion.c,0,\Python\getversion.c
1520,hamt.c,0,\Python\hamt.c
1521,hashtable.c,0,\Python\hashtable.c
1522,import.c,0,\Python\import.c
1523,importdl.c,0,\Python\importdl.c
1524,initconfig.c,0,\Python\initconfig.c
1525,makeopcodetargets.py,0,\Python\makeopcodetargets.py
1526,marshal.c,0,\Python\marshal.c
1527,modsupport.c,0,\Python\modsupport.c
1528,mysnprintf.c,0,\Python\mysnprintf.c
1529,mystrtoul.c,0,\Python\mystrtoul.c
1530,pathconfig.c,0,\Python\pathconfig.c
1531,preconfig.c,0,\Python\preconfig.c
1532,pyarena.c,0,\Python\pyarena.c
1533,pyctype.c,0,\Python\pyctype.c
1534,pyfpe.c,0,\Python\pyfpe.c
1535,pyhash.c,0,\Python\pyhash.c
1536,pylifecycle.c,0,\Python\pylifecycle.c
1537,pymath.c,0,\Python\pymath.c
1538,pystate.c,0,\Python\pystate.c
1539,pystrcmp.c,0,\Python\pystrcmp.c
1540,pystrhex.c,0,\Python\pystrhex.c
1541,pystrtod.c,0,\Python\pystrtod.c
1542,Python-ast.c,0,\Python\Python-ast.c
1543,Python-tokenize.c,0,\Python\Python-tokenize.c
1544,pythonrun.c,0,\Python\pythonrun.c
1545,pytime.c,0,\Python\pytime.c
1546,specialize.c,0,\Python\specialize.c
1547,structmember.c,0,\Python\structmember.c
1548,suggestions.c,0,\Python\suggestions.c
1549,symtable.c,0,\Python\symtable.c
1550,sysmodule.c,0,\Python\sysmodule.c
1551,thread.c,0,\Python\thread.c
1552,traceback.c,0,\Python\traceback.c
1553,_warnings.c,0,\Python\_warnings.c
1554,c-analyzer.py,0,\Tools\c-analyzer\c-analyzer.py
1555,check-c-globals.py,0,\Tools\c-analyzer\check-c-globals.py
1556,table-file.py,0,\Tools\c-analyzer\table-file.py
1557,_analyzer.py,0,\Tools\c-analyzer\cpython\_analyzer.py
1558,_capi.py,0,\Tools\c-analyzer\cpython\_capi.py
1559,_files.py,0,\Tools\c-analyzer\cpython\_files.py
1560,_parser.py,0,\Tools\c-analyzer\cpython\_parser.py
1561,__init__.py,0,\Tools\c-analyzer\cpython\__init__.py
1562,__main__.py,0,\Tools\c-analyzer\cpython\__main__.py
1563,analyze.py,0,\Tools\c-analyzer\c_analyzer\analyze.py
1564,datafiles.py,0,\Tools\c-analyzer\c_analyzer\datafiles.py
1565,info.py,0,\Tools\c-analyzer\c_analyzer\info.py
1566,match.py,0,\Tools\c-analyzer\c_analyzer\match.py
1567,__init__.py,0,\Tools\c-analyzer\c_analyzer\__init__.py
1568,__main__.py,0,\Tools\c-analyzer\c_analyzer\__main__.py
1569,clsutil.py,0,\Tools\c-analyzer\c_common\clsutil.py
1570,fsutil.py,0,\Tools\c-analyzer\c_common\fsutil.py
1571,info.py,0,\Tools\c-analyzer\c_common\info.py
1572,iterutil.py,0,\Tools\c-analyzer\c_common\iterutil.py
1573,logging.py,0,\Tools\c-analyzer\c_common\logging.py
1574,misc.py,0,\Tools\c-analyzer\c_common\misc.py
1575,scriptutil.py,0,\Tools\c-analyzer\c_common\scriptutil.py
1576,show.py,0,\Tools\c-analyzer\c_common\show.py
1577,strutil.py,0,\Tools\c-analyzer\c_common\strutil.py
1578,tables.py,0,\Tools\c-analyzer\c_common\tables.py
1579,__init__.py,0,\Tools\c-analyzer\c_common\__init__.py
1580,datafiles.py,0,\Tools\c-analyzer\c_parser\datafiles.py
1581,info.py,0,\Tools\c-analyzer\c_parser\info.py
1582,match.py,0,\Tools\c-analyzer\c_parser\match.py
1583,source.py,0,\Tools\c-analyzer\c_parser\source.py
1584,_state_machine.py,0,\Tools\c-analyzer\c_parser\_state_machine.py
1585,__init__.py,0,\Tools\c-analyzer\c_parser\__init__.py
1586,__main__.py,0,\Tools\c-analyzer\c_parser\__main__.py
1587,_alt.py,0,\Tools\c-analyzer\c_parser\parser\_alt.py
1588,_common.py,0,\Tools\c-analyzer\c_parser\parser\_common.py
1589,_compound_decl_body.py,0,\Tools\c-analyzer\c_parser\parser\_compound_decl_body.py
1590,_delim.py,0,\Tools\c-analyzer\c_parser\parser\_delim.py
1591,_func_body.py,0,\Tools\c-analyzer\c_parser\parser\_func_body.py
1592,_global.py,0,\Tools\c-analyzer\c_parser\parser\_global.py
1593,_info.py,0,\Tools\c-analyzer\c_parser\parser\_info.py
1594,_regexes.py,0,\Tools\c-analyzer\c_parser\parser\_regexes.py
1595,__init__.py,0,\Tools\c-analyzer\c_parser\parser\__init__.py
1596,common.py,0,\Tools\c-analyzer\c_parser\preprocessor\common.py
1597,errors.py,0,\Tools\c-analyzer\c_parser\preprocessor\errors.py
1598,gcc.py,0,\Tools\c-analyzer\c_parser\preprocessor\gcc.py
1599,pure.py,0,\Tools\c-analyzer\c_parser\preprocessor\pure.py
1600,__init__.py,0,\Tools\c-analyzer\c_parser\preprocessor\__init__.py
1601,__main__.py,0,\Tools\c-analyzer\c_parser\preprocessor\__main__.py
1602,ccbench.py,0,\Tools\ccbench\ccbench.py
1603,clinic.py,4,\Tools\clinic\clinic.py
1604,cpp.py,0,\Tools\clinic\cpp.py
1605,beer.py,0,\Tools\demo\beer.py
1606,eiffel.py,6,\Tools\demo\eiffel.py
1607,hanoi.py,0,\Tools\demo\hanoi.py
1608,life.py,0,\Tools\demo\life.py
1609,markov.py,0,\Tools\demo\markov.py
1610,mcast.py,0,\Tools\demo\mcast.py
1611,queens.py,0,\Tools\demo\queens.py
1612,redemo.py,0,\Tools\demo\redemo.py
1613,rpython.py,0,\Tools\demo\rpython.py
1614,rpythond.py,0,\Tools\demo\rpythond.py
1615,sortvisu.py,0,\Tools\demo\sortvisu.py
1616,spreadsheet.py,0,\Tools\demo\spreadsheet.py
1617,vector.py,0,\Tools\demo\vector.py
1618,bkfile.py,0,\Tools\freeze\bkfile.py
1619,checkextensions.py,0,\Tools\freeze\checkextensions.py
1620,checkextensions_win32.py,0,\Tools\freeze\checkextensions_win32.py
1621,flag.py,0,\Tools\freeze\flag.py
1622,freeze.py,0,\Tools\freeze\freeze.py
1623,hello.py,0,\Tools\freeze\hello.py
1624,makeconfig.py,0,\Tools\freeze\makeconfig.py
1625,makefreeze.py,0,\Tools\freeze\makefreeze.py
1626,makemakefile.py,0,\Tools\freeze\makemakefile.py
1627,parsesetup.py,0,\Tools\freeze\parsesetup.py
1628,regen_frozen.py,0,\Tools\freeze\regen_frozen.py
1629,winmakemakefile.py,0,\Tools\freeze\winmakemakefile.py
1630,freeze.py,0,\Tools\freeze\test\freeze.py
1631,ok.py,0,\Tools\freeze\test\ok.py
1632,libpython.py,0,\Tools\gdb\libpython.py
1633,makelocalealias.py,0,\Tools\i18n\makelocalealias.py
1634,msgfmt.py,0,\Tools\i18n\msgfmt.py
1635,pygettext.py,0,\Tools\i18n\pygettext.py
1636,importbench.py,0,\Tools\importbench\importbench.py
1637,iobench.py,0,\Tools\iobench\iobench.py
1638,csv_to_wxs.py,0,\Tools\msi\csv_to_wxs.py
1639,generate_md5.py,0,\Tools\msi\generate_md5.py
1640,purge.py,0,\Tools\msi\purge.py
1641,cprog.py,0,\Tools\peg_generator\data\cprog.py
1642,ast_dump.py,0,\Tools\peg_generator\pegen\ast_dump.py
1643,build.py,0,\Tools\peg_generator\pegen\build.py
1644,c_generator.py,0,\Tools\peg_generator\pegen\c_generator.py
1645,first_sets.py,0,\Tools\peg_generator\pegen\first_sets.py
1646,grammar.py,0,\Tools\peg_generator\pegen\grammar.py
1647,grammar_parser.py,0,\Tools\peg_generator\pegen\grammar_parser.py
1648,grammar_visualizer.py,0,\Tools\peg_generator\pegen\grammar_visualizer.py
1649,keywordgen.py,0,\Tools\peg_generator\pegen\keywordgen.py
1650,parser.py,0,\Tools\peg_generator\pegen\parser.py
1651,parser_generator.py,0,\Tools\peg_generator\pegen\parser_generator.py
1652,python_generator.py,0,\Tools\peg_generator\pegen\python_generator.py
1653,sccutils.py,0,\Tools\peg_generator\pegen\sccutils.py
1654,tokenizer.py,0,\Tools\peg_generator\pegen\tokenizer.py
1655,validator.py,0,\Tools\peg_generator\pegen\validator.py
1656,__init__.py,0,\Tools\peg_generator\pegen\__init__.py
1657,__main__.py,0,\Tools\peg_generator\pegen\__main__.py
1658,peg_extension.c,0,\Tools\peg_generator\peg_extension\peg_extension.c
1659,__init__.py,0,\Tools\peg_generator\peg_extension\__init__.py
1660,ast_timings.py,0,\Tools\peg_generator\scripts\ast_timings.py
1661,benchmark.py,0,\Tools\peg_generator\scripts\benchmark.py
1662,download_pypi_packages.py,0,\Tools\peg_generator\scripts\download_pypi_packages.py
1663,find_max_nesting.py,0,\Tools\peg_generator\scripts\find_max_nesting.py
1664,grammar_grapher.py,0,\Tools\peg_generator\scripts\grammar_grapher.py
1665,joinstats.py,0,\Tools\peg_generator\scripts\joinstats.py
1666,__init__.py,0,\Tools\peg_generator\scripts\__init__.py
1667,abitype.py,0,\Tools\scripts\abitype.py
1668,analyze_dxp.py,0,\Tools\scripts\analyze_dxp.py
1669,byext.py,0,\Tools\scripts\byext.py
1670,byteyears.py,0,\Tools\scripts\byteyears.py
1671,checkpip.py,0,\Tools\scripts\checkpip.py
1672,cleanfuture.py,0,\Tools\scripts\cleanfuture.py
1673,combinerefs.py,0,\Tools\scripts\combinerefs.py
1674,copytime.py,0,\Tools\scripts\copytime.py
1675,crlf.py,0,\Tools\scripts\crlf.py
1676,db2pickle.py,0,\Tools\scripts\db2pickle.py
1677,deepfreeze.py,0,\Tools\scripts\deepfreeze.py
1678,diff.py,0,\Tools\scripts\diff.py
1679,dutree.py,0,\Tools\scripts\dutree.py
1680,eptags.py,0,\Tools\scripts\eptags.py
1681,find-uname.py,0,\Tools\scripts\find-uname.py
1682,finddiv.py,0,\Tools\scripts\finddiv.py
1683,findlinksto.py,0,\Tools\scripts\findlinksto.py
1684,findnocoding.py,0,\Tools\scripts\findnocoding.py
1685,find_recursionlimit.py,0,\Tools\scripts\find_recursionlimit.py
1686,fixcid.py,0,\Tools\scripts\fixcid.py
1687,fixdiv.py,0,\Tools\scripts\fixdiv.py
1688,fixheader.py,0,\Tools\scripts\fixheader.py
1689,fixnotice.py,0,\Tools\scripts\fixnotice.py
1690,fixps.py,0,\Tools\scripts\fixps.py
1691,freeze_modules.py,0,\Tools\scripts\freeze_modules.py
1692,generate_global_objects.py,0,\Tools\scripts\generate_global_objects.py
1693,generate_opcode_h.py,0,\Tools\scripts\generate_opcode_h.py
1694,generate_re_casefix.py,0,\Tools\scripts\generate_re_casefix.py
1695,generate_sre_constants.py,0,\Tools\scripts\generate_sre_constants.py
1696,generate_stdlib_module_names.py,0,\Tools\scripts\generate_stdlib_module_names.py
1697,generate_token.py,0,\Tools\scripts\generate_token.py
1698,get-remote-certificate.py,0,\Tools\scripts\get-remote-certificate.py
1699,google.py,0,\Tools\scripts\google.py
1700,gprof2html.py,0,\Tools\scripts\gprof2html.py
1701,highlight.py,0,\Tools\scripts\highlight.py
1702,ifdef.py,0,\Tools\scripts\ifdef.py
1703,import_diagnostics.py,0,\Tools\scripts\import_diagnostics.py
1704,lfcr.py,0,\Tools\scripts\lfcr.py
1705,linktree.py,0,\Tools\scripts\linktree.py
1706,lll.py,0,\Tools\scripts\lll.py
1707,mailerdaemon.py,0,\Tools\scripts\mailerdaemon.py
1708,make_ctype.py,0,\Tools\scripts\make_ctype.py
1709,md5sum.py,0,\Tools\scripts\md5sum.py
1710,mkreal.py,0,\Tools\scripts\mkreal.py
1711,ndiff.py,0,\Tools\scripts\ndiff.py
1712,nm2def.py,0,\Tools\scripts\nm2def.py
1713,objgraph.py,0,\Tools\scripts\objgraph.py
1714,parseentities.py,0,\Tools\scripts\parseentities.py
1715,parse_html5_entities.py,0,\Tools\scripts\parse_html5_entities.py
1716,patchcheck.py,0,\Tools\scripts\patchcheck.py
1717,pathfix.py,0,\Tools\scripts\pathfix.py
1718,pdeps.py,0,\Tools\scripts\pdeps.py
1719,pep384_macrocheck.py,0,\Tools\scripts\pep384_macrocheck.py
1720,pickle2db.py,0,\Tools\scripts\pickle2db.py
1721,pindent.py,0,\Tools\scripts\pindent.py
1722,ptags.py,0,\Tools\scripts\ptags.py
1723,pysource.py,0,\Tools\scripts\pysource.py
1724,reindent-rst.py,0,\Tools\scripts\reindent-rst.py
1725,reindent.py,0,\Tools\scripts\reindent.py
1726,rgrep.py,0,\Tools\scripts\rgrep.py
1727,serve.py,0,\Tools\scripts\serve.py
1728,smelly.py,0,\Tools\scripts\smelly.py
1729,stable_abi.py,0,\Tools\scripts\stable_abi.py
1730,startuptime.py,0,\Tools\scripts\startuptime.py
1731,suff.py,0,\Tools\scripts\suff.py
1732,summarize_stats.py,0,\Tools\scripts\summarize_stats.py
1733,texi2html.py,0,\Tools\scripts\texi2html.py
1734,umarshal.py,0,\Tools\scripts\umarshal.py
1735,untabify.py,0,\Tools\scripts\untabify.py
1736,update_file.py,0,\Tools\scripts\update_file.py
1737,var_access_benchmark.py,0,\Tools\scripts\var_access_benchmark.py
1738,which.py,0,\Tools\scripts\which.py
1739,win_add2path.py,0,\Tools\scripts\win_add2path.py
1740,make_ssl_data.py,0,\Tools\ssl\make_ssl_data.py
1741,stringbench.py,0,\Tools\stringbench\stringbench.py
1742,zdump.py,0,\Tools\tz\zdump.py
1743,comparecodecs.py,0,\Tools\unicode\comparecodecs.py
1744,gencjkcodecs.py,0,\Tools\unicode\gencjkcodecs.py
1745,gencodec.py,0,\Tools\unicode\gencodec.py
1746,genmap_japanese.py,0,\Tools\unicode\genmap_japanese.py
1747,genmap_korean.py,0,\Tools\unicode\genmap_korean.py
1748,genmap_schinese.py,0,\Tools\unicode\genmap_schinese.py
1749,genmap_support.py,0,\Tools\unicode\genmap_support.py
1750,genwincodec.py,0,\Tools\unicode\genwincodec.py
1751,listcodecs.py,0,\Tools\unicode\listcodecs.py
1752,makeunicodedata.py,0,\Tools\unicode\makeunicodedata.py
1753,mkstringprep.py,0,\Tools\unicode\mkstringprep.py
1754,wasm_assets.py,0,\Tools\wasm\wasm_assets.py
1755,wasm_webserver.py,0,\Tools\wasm\wasm_webserver.py
