Name,Stmts,Miss,Cover
Lib\_markupbase.py,270,247,9%
Lib\_osx_support.py,251,222,12%
Lib\_py_abc.py,83,72,13%
Lib\_pyio.py,1477,1208,18%
Lib\_strptime.py,306,199,35%
Lib\_threading_local.py,67,50,25%
Lib\aifc.py,616,611,1%
Lib\asynchat.py,148,146,1%
Lib\asyncore.py,404,394,2%
Lib\cProfile.py,115,94,18%
Lib\cgi.py,531,516,3%
Lib\cgitb.py,206,193,6%
Lib\colorsys.py,103,92,11%
Lib\compileall.py,226,211,7%
Lib\crypt.py,72,66,8%
Lib\curses\__init__.py,39,38,3%
Lib\dbm\__init__.py,91,73,20%
Lib\dbm\dumb.py,177,143,19%
Lib\dbm\gnu.py,1,0,100%
Lib\dbm\ndbm.py,1,0,100%
Lib\difflib.py,669,604,10%
Lib\doctest.py,962,730,24%
Lib\ensurepip\__init__.py,119,84,29%
Lib\ensurepip\_uninstall.py,11,6,45%
Lib\filecmp.py,164,133,19%
Lib\fileinput.py,235,199,15%
Lib\fractions.py,303,234,23%
Lib\ftplib.py,549,457,17%
Lib\getopt.py,107,90,16%
Lib\getpass.py,109,87,20%
Lib\graphlib.py,109,88,19%
Lib\gzip.py,397,337,15%
Lib\hmac.py,110,86,22%
Lib\html\__init__.py,37,21,43%
Lib\html\entities.py,9,0,100%
Lib\html\parser.py,279,236,15%
Lib\http\__init__.py,72,71,1%
Lib\idlelib\__init__.py,1,0,100%
Lib\idlelib\autocomplete.py,142,132,7%
Lib\idlelib\autocomplete_w.py,316,314,1%
Lib\idlelib\autoexpand.py,68,59,13%
Lib\idlelib\browser.py,126,122,3%
Lib\idlelib\calltip.py,108,101,6%
Lib\idlelib\calltip_w.py,121,120,1%
Lib\idlelib\codecontext.py,135,132,2%
Lib\idlelib\colorizer.py,200,195,2%
Lib\idlelib\config.py,407,403,1%
Lib\idlelib\config_key.py,180,179,1%
Lib\idlelib\configdialog.py,1029,1027,1%
Lib\idlelib\debugger.py,398,395,1%
Lib\idlelib\debugger_r.py,218,215,1%
Lib\idlelib\debugobj.py,103,101,2%
Lib\idlelib\debugobj_r.py,28,17,39%
Lib\idlelib\delegator.py,22,16,27%
Lib\idlelib\editor.py,1141,1130,1%
Lib\idlelib\filelist.py,101,99,2%
Lib\idlelib\format.py,235,233,1%
Lib\idlelib\grep.py,112,108,4%
Lib\idlelib\help.py,187,183,2%
Lib\idlelib\help_about.py,110,105,5%
Lib\idlelib\history.py,65,64,2%
Lib\idlelib\hyperparser.py,141,122,13%
Lib\idlelib\idle_test\__init__.py,7,5,29%
Lib\idlelib\idle_test\test_autocomplete.py,218,214,2%
Lib\idlelib\idle_test\test_autocomplete_w.py,22,19,14%
Lib\idlelib\idle_test\test_autoexpand.py,105,101,4%
Lib\idlelib\idle_test\test_browser.py,181,180,1%
Lib\idlelib\idle_test\test_calltip.py,230,229,1%
Lib\idlelib\idle_test\test_calltip_w.py,21,20,5%
Lib\idlelib\idle_test\test_codecontext.py,265,264,1%
Lib\idlelib\idle_test\test_colorizer.py,370,369,1%
Lib\idlelib\idle_test\test_config.py,482,481,1%
Lib\idlelib\idle_test\test_config_key.py,206,205,1%
Lib\idlelib\idle_test\test_configdialog.py,1152,1151,1%
Lib\idlelib\idle_test\test_debugger.py,18,17,6%
Lib\idlelib\idle_test\test_debugger_r.py,18,17,6%
Lib\idlelib\idle_test\test_debugobj.py,36,35,3%
Lib\idlelib\idle_test\test_debugobj_r.py,13,6,54%
Lib\idlelib\idle_test\test_delegator.py,22,17,23%
Lib\idlelib\idle_test\test_editmenu.py,53,51,4%
Lib\idlelib\idle_test\test_editor.py,102,101,1%
Lib\idlelib\idle_test\test_filelist.py,25,24,4%
Lib\idlelib\idle_test\test_format.py,376,375,1%
Lib\idlelib\idle_test\test_grep.py,95,94,1%
Lib\idlelib\idle_test\test_help.py,24,23,4%
Lib\idlelib\idle_test\test_help_about.py,121,120,1%
Lib\idlelib\idle_test\test_history.py,130,129,1%
Lib\idlelib\idle_test\test_hyperparser.py,183,179,2%
Lib\idlelib\idle_test\test_iomenu.py,50,49,2%
Lib\idlelib\idle_test\test_macosx.py,77,76,1%
Lib\idlelib\idle_test\test_mainmenu.py,20,19,5%
Lib\idlelib\idle_test\test_multicall.py,33,32,3%
Lib\idlelib\idle_test\test_outwin.py,118,117,1%
Lib\idlelib\idle_test\test_parenmatch.py,71,70,1%
Lib\idlelib\idle_test\test_pathbrowser.py,64,63,2%
Lib\idlelib\idle_test\test_percolator.py,91,90,1%
Lib\idlelib\idle_test\test_pyparse.py,210,184,12%
Lib\idlelib\idle_test\test_pyshell.py,109,108,1%
Lib\idlelib\idle_test\test_query.py,322,321,1%
Lib\idlelib\idle_test\test_redirector.py,92,91,1%
Lib\idlelib\idle_test\test_replace.py,230,229,1%
Lib\idlelib\idle_test\test_rpc.py,17,10,41%
Lib\idlelib\idle_test\test_run.py,356,355,1%
Lib\idlelib\idle_test\test_runscript.py,24,23,4%
Lib\idlelib\idle_test\test_scrolledlist.py,17,16,6%
Lib\idlelib\idle_test\test_search.py,50,49,2%
Lib\idlelib\idle_test\test_searchbase.py,112,109,3%
Lib\idlelib\idle_test\test_searchengine.py,212,211,1%
Lib\idlelib\idle_test\test_sidebar.py,517,510,1%
Lib\idlelib\idle_test\test_squeezer.py,277,275,1%
Lib\idlelib\idle_test\test_stackviewer.py,32,31,3%
Lib\idlelib\idle_test\test_statusbar.py,31,30,3%
Lib\idlelib\idle_test\test_text.py,157,129,18%
Lib\idlelib\idle_test\test_textview.py,162,161,1%
Lib\idlelib\idle_test\test_tooltip.py,114,113,1%
Lib\idlelib\idle_test\test_tree.py,39,38,3%
Lib\idlelib\idle_test\test_undo.py,97,93,4%
Lib\idlelib\idle_test\test_util.py,8,3,62%
Lib\idlelib\idle_test\test_warning.py,38,37,3%
Lib\idlelib\idle_test\test_window.py,28,27,4%
Lib\idlelib\idle_test\test_zoomheight.py,28,27,4%
Lib\idlelib\idle_test\test_zzdummy.py,105,104,1%
Lib\idlelib\iomenu.py,312,305,2%
Lib\idlelib\macosx.py,119,115,3%
Lib\idlelib\mainmenu.py,9,7,22%
Lib\idlelib\multicall.py,270,267,1%
Lib\idlelib\outwin.py,81,79,2%
Lib\idlelib\parenmatch.py,87,85,2%
Lib\idlelib\pathbrowser.py,84,80,5%
Lib\idlelib\percolator.py,91,89,2%
Lib\idlelib\pyparse.py,286,256,10%
Lib\idlelib\pyshell.py,1105,1100,1%
Lib\idlelib\query.py,212,207,2%
Lib\idlelib\redirector.py,74,73,1%
Lib\idlelib\replace.py,193,191,1%
Lib\idlelib\rpc.py,434,339,22%
Lib\idlelib\run.py,405,391,3%
Lib\idlelib\runscript.py,128,123,4%
Lib\idlelib\scrolledlist.py,112,111,1%
Lib\idlelib\search.py,79,78,1%
Lib\idlelib\searchengine.py,157,155,1%
Lib\idlelib\stackviewer.py,122,118,3%
Lib\idlelib\statusbar.py,39,38,3%
Lib\idlelib\textview.py,85,84,1%
Lib\idlelib\tooltip.py,92,91,1%
Lib\idlelib\tree.py,359,357,1%
Lib\idlelib\undo.py,257,202,21%
Lib\idlelib\util.py,5,2,60%
Lib\idlelib\window.py,71,70,1%
Lib\idlelib\zoomheight.py,66,63,5%
Lib\idlelib\zzdummy.py,32,31,3%
Lib\imaplib.py,739,609,18%
Lib\imghdr.py,108,104,4%
Lib\imp.py,169,168,1%
Lib\lib2to3\__init__.py,2,0,100%
Lib\lib2to3\btm_matcher.py,90,73,19%
Lib\lib2to3\btm_utils.py,167,148,11%
Lib\lib2to3\fixer_base.py,77,42,45%
Lib\lib2to3\fixer_util.py,250,204,18%
Lib\lib2to3\fixes\__init__.py,0,0,100%
Lib\lib2to3\fixes\fix_imports2.py,5,0,100%
Lib\lib2to3\fixes\fix_imports.py,49,34,31%
Lib\lib2to3\fixes\fix_urllib.py,107,96,10%
Lib\lib2to3\main.py,158,142,10%
Lib\lib2to3\patcomp.py,135,116,14%
Lib\lib2to3\pgen2\__init__.py,1,0,100%
Lib\lib2to3\pgen2\driver.py,112,69,38%
Lib\lib2to3\pgen2\grammar.py,51,15,71%
Lib\lib2to3\pgen2\literals.py,40,33,18%
Lib\lib2to3\pgen2\parse.py,83,70,16%
Lib\lib2to3\pgen2\pgen.py,297,265,11%
Lib\lib2to3\pgen2\token.py,73,3,96%
Lib\lib2to3\pgen2\tokenize.py,341,271,21%
Lib\lib2to3\pygram.py,19,0,100%
Lib\lib2to3\pytree.py,418,309,26%
Lib\lib2to3\refactor.py,448,382,15%
Lib\lib2to3\tests\__init__.py,7,3,57%
Lib\lib2to3\tests\data\fixers\myfixes\__init__.py,0,0,100%
Lib\lib2to3\tests\support.py,34,14,59%
Lib\lib2to3\tests\test_all_fixers.py,22,11,50%
Lib\lib2to3\tests\test_fixers.py,2776,2191,21%
Lib\lib2to3\tests\test_main.py,93,71,24%
Lib\lib2to3\tests\test_parser.py,412,259,37%
Lib\lib2to3\tests\test_pytree.py,370,327,12%
Lib\lib2to3\tests\test_refactor.py,243,197,19%
Lib\lib2to3\tests\test_util.py,317,253,20%
Lib\mailbox.py,1503,1264,16%
Lib\mailcap.py,185,168,9%
Lib\mimetypes.py,207,168,19%
Lib\modulefinder.py,497,447,10%
Lib\msilib\__init__.py,347,339,2%
Lib\netrc.py,146,129,12%
Lib\nntplib.py,534,521,2%
Lib\pickletools.py,498,330,34%
Lib\pipes.py,134,128,4%
Lib\plistlib.py,533,444,17%
Lib\poplib.py,209,156,25%
Lib\profile.py,289,246,15%
Lib\pstats.py,546,540,1%
Lib\pty.py,117,113,3%
Lib\py_compile.py,93,73,22%
Lib\pyclbr.py,179,153,15%
Lib\pydoc.py,1711,1520,11%
Lib\rlcompleter.py,111,91,18%
Lib\sched.py,65,41,37%
Lib\secrets.py,22,9,59%
Lib\shelve.py,111,79,29%
Lib\smtpd.py,609,600,1%
Lib\smtplib.py,514,416,19%
Lib\sndhdr.py,156,154,1%
Lib\socketserver.py,312,217,30%
Lib\statistics.py,488,403,17%
Lib\stringprep.py,65,36,45%
Lib\sunau.py,336,266,21%
Lib\symtable.py,162,86,47%
Lib\tabnanny.py,175,146,17%
Lib\tarfile.py,1485,1250,16%
Lib\telnetlib.py,377,265,30%
Lib\test\__init__.py,0,0,100%
Lib\test\_test_multiprocessing.py,4052,3270,19%
Lib\test\ann_module.py,40,9,78%
Lib\test\audiotests.py,271,232,14%
Lib\test\fork_wait.py,53,40,25%
Lib\test\inspect_fodder2.py,138,39,72%
Lib\test\inspect_fodder.py,56,20,64%
Lib\test\inspect_stock_annotations.py,19,6,68%
Lib\test\inspect_stringized_annotations.py,23,6,74%
Lib\test\inspect_stringized_annotations_2.py,2,0,100%
Lib\test\leakers\__init__.py,0,0,100%
Lib\test\leakers\test_ctypes.py,10,6,40%
Lib\test\leakers\test_selftype.py,9,7,22%
Lib\test\libregrtest\__init__.py,2,0,100%
Lib\test\libregrtest\cmdline.py,183,165,10%
Lib\test\libregrtest\main.py,496,483,3%
Lib\test\libregrtest\runtest.py,248,230,7%
Lib\test\libregrtest\save_env.py,217,144,34%
Lib\test\libregrtest\utils.py,136,119,12%
Lib\test\list_tests.py,443,410,7%
Lib\test\lock_tests.py,784,684,13%
Lib\test\mapping_tests.py,514,465,10%
Lib\test\mock_socket.py,105,60,43%
Lib\test\multibytecodec_support.py,274,268,2%
Lib\test\pickletester.py,2179,2162,1%
Lib\test\seq_tests.py,342,284,17%
Lib\test\string_tests.py,1071,988,8%
Lib\test\support\__init__.py,1132,762,33%
Lib\test\support\bytecode_helper.py,31,23,26%
Lib\test\support\hashlib_helper.py,31,10,68%
Lib\test\support\import_helper.py,107,45,58%
Lib\test\support\interpreters.py,88,52,41%
Lib\test\support\logging_helper.py,17,11,35%
Lib\test\support\os_helper.py,339,216,36%
Lib\test\support\script_helper.py,154,117,24%
Lib\test\support\socket_helper.py,120,91,24%
Lib\test\support\testresult.py,141,113,20%
Lib\test\support\threading_helper.py,126,92,27%
Lib\test\support\warnings_helper.py,104,60,42%
Lib\test\test___all__.py,96,76,21%
Lib\test\test___future__.py,39,31,21%
Lib\test\test__locale.py,125,95,24%
Lib\test\test__opcode.py,71,59,17%
Lib\test\test__osx_support.py,133,105,21%
Lib\test\test__xxsubinterpreters.py,1394,1174,16%
Lib\test\test_abc.py,557,509,9%
Lib\test\test_abstract_numbers.py,33,24,27%
Lib\test\test_aifc.py,321,311,3%
Lib\test\test_argparse.py,2269,1127,50%
Lib\test\test_array.py,1104,873,21%
Lib\test\test_asdl_parser.py,92,83,10%
Lib\test\test_ast.py,1342,1213,10%
Lib\test\test_asyncgen.py,1243,1151,7%
Lib\test\test_asynchat.py,200,185,8%
Lib\test\test_asyncio\__init__.py,8,1,88%
Lib\test\test_asyncio\functional.py,182,138,24%
Lib\test\test_asyncio\test_base_events.py,1344,1331,1%
Lib\test\test_asyncio\test_buffered_proto.py,51,33,35%
Lib\test\test_asyncio\test_context.py,25,17,32%
Lib\test\test_asyncio\test_events.py,1910,1883,1%
Lib\test\test_asyncio\test_futures2.py,11,5,55%
Lib\test\test_asyncio\test_futures.py,668,657,2%
Lib\test\test_asyncio\test_locks.py,1049,966,8%
Lib\test\test_asyncio\test_pep492.py,131,125,5%
Lib\test\test_asyncio\test_proactor_events.py,784,770,2%
Lib\test\test_asyncio\test_protocols.py,53,42,21%
Lib\test\test_asyncio\test_queues.py,349,294,16%
Lib\test\test_asyncio\test_runners.py,242,233,4%
Lib\test\test_asyncio\test_selector_events.py,963,950,1%
Lib\test\test_asyncio\test_sendfile.py,390,377,3%
Lib\test\test_asyncio\test_server.py,92,86,7%
Lib\test\test_asyncio\test_sock_lowlevel.py,394,386,2%
Lib\test\test_asyncio\test_ssl.py,1090,1074,1%
Lib\test\test_asyncio\test_sslproto.py,485,472,3%
Lib\test\test_asyncio\test_streams.py,742,728,2%
Lib\test\test_asyncio\test_subprocess.py,406,396,2%
Lib\test\test_asyncio\test_taskgroups.py,506,503,1%
Lib\test\test_asyncio\test_tasks.py,2266,2247,1%
Lib\test\test_asyncio\test_threads.py,40,27,32%
Lib\test\test_asyncio\test_timeouts.py,176,149,15%
Lib\test\test_asyncio\test_transports.py,67,53,21%
Lib\test\test_asyncio\test_unix_events.py,1264,1247,1%
Lib\test\test_asyncio\test_waitfor.py,196,169,14%
Lib\test\test_asyncio\test_windows_events.py,172,158,8%
Lib\test\test_asyncio\test_windows_utils.py,87,71,18%
Lib\test\test_asyncio\utils.py,375,357,5%
Lib\test\test_asyncore.py,573,552,4%
Lib\test\test_atexit.py,46,28,39%
Lib\test\test_audioop.py,364,319,12%
Lib\test\test_audit.py,115,85,26%
Lib\test\test_augassign.py,232,222,4%
Lib\test\test_base64.py,438,383,13%
Lib\test\test_baseexception.py,126,104,17%
Lib\test\test_bdb.py,569,465,18%
Lib\test\test_bigaddrspace.py,54,33,39%
Lib\test\test_bigmem.py,942,716,24%
Lib\test\test_binascii.py,321,280,13%
Lib\test\test_binop.py,325,243,25%
Lib\test\test_bisect.py,216,211,2%
Lib\test\test_bool.py,305,272,11%
Lib\test\test_buffer.py,2884,2671,7%
Lib\test\test_bufio.py,42,26,38%
Lib\test\test_builtin.py,1666,1478,11%
Lib\test\test_bytes.py,1497,1302,13%
Lib\test\test_bz2.py,761,612,20%
Lib\test\test_c_locale_coercion.py,175,121,31%
Lib\test\test_calendar.py,404,292,28%
Lib\test\test_call.py,387,260,33%
Lib\test\test_capi.py,638,492,23%
Lib\test\test_cgi.py,287,278,3%
Lib\test\test_cgitb.py,49,43,12%
Lib\test\test_charmapcodec.py,33,22,33%
Lib\test\test_check_c_globals.py,14,5,64%
Lib\test\test_class.py,412,377,8%
Lib\test\test_clinic.py,319,213,33%
Lib\test\test_cmath.py,374,320,14%
Lib\test\test_cmd.py,79,53,33%
Lib\test\test_cmd_line.py,510,421,17%
Lib\test\test_cmd_line_script.py,427,349,18%
Lib\test\test_code.py,327,314,4%
Lib\test\test_code_module.py,100,80,20%
Lib\test\test_codeccallbacks.py,444,385,13%
Lib\test\test_codecencodings_cn.py,21,20,5%
Lib\test\test_codecencodings_hk.py,8,7,12%
Lib\test\test_codecencodings_iso2022.py,20,19,5%
Lib\test\test_codecencodings_jp.py,38,37,3%
Lib\test\test_codecencodings_kr.py,16,15,6%
Lib\test\test_codecencodings_tw.py,8,7,12%
Lib\test\test_codecmaps_cn.py,13,12,8%
Lib\test\test_codecmaps_hk.py,7,6,14%
Lib\test\test_codecmaps_jp.py,28,27,4%
Lib\test\test_codecmaps_kr.py,17,16,6%
Lib\test\test_codecmaps_tw.py,12,11,8%
Lib\test\test_codecs.py,1666,1335,20%
Lib\test\test_codeop.py,240,221,8%
Lib\test\test_collections.py,1791,1634,9%
Lib\test\test_colorsys.py,48,36,25%
Lib\test\test_compare.py,89,68,24%
Lib\test\test_compile.py,856,773,10%
Lib\test\test_compileall.py,749,736,2%
Lib\test\test_complex.py,600,596,1%
Lib\test\test_concurrent_futures.py,921,692,25%
Lib\test\test_configparser.py,1335,1138,15%
Lib\test\test_contains.py,72,57,21%
Lib\test\test_context.py,749,662,12%
Lib\test\test_contextlib.py,909,783,14%
Lib\test\test_contextlib_async.py,553,551,1%
Lib\test\test_copy.py,761,672,12%
Lib\test\test_copyreg.py,73,70,4%
Lib\test\test_cprofile.py,50,46,8%
Lib\test\test_crashers.py,22,8,64%
Lib\test\test_crypt.py,85,59,31%
Lib\test\test_csv.py,953,763,20%
Lib\test\test_ctypes.py,6,3,50%
Lib\test\test_curses.py,1034,1023,1%
Lib\test\test_dataclasses.py,2751,2578,6%
Lib\test\test_datetime.py,42,36,14%
Lib\test\test_dbm.py,156,107,31%
Lib\test\test_dbm_dumb.py,229,183,20%
Lib\test\test_dbm_gnu.py,139,136,2%
Lib\test\test_dbm_ndbm.py,112,109,3%
Lib\test\test_decimal.py,3752,3733,1%
Lib\test\test_decorators.py,322,289,10%
Lib\test\test_defaultdict.py,160,140,12%
Lib\test\test_deque.py,767,667,13%
Lib\test\test_descr.py,4382,4167,5%
Lib\test\test_descrtut.py,65,31,52%
Lib\test\test_devpoll.py,105,98,7%
Lib\test\test_dict.py,1195,1075,10%
Lib\test\test_dict_version.py,102,76,25%
Lib\test\test_dictcomps.py,70,57,19%
Lib\test\test_dictviews.py,271,248,8%
Lib\test\test_difflib.py,284,226,20%
Lib\test\test_dis.py,625,584,7%
Lib\test\test_distutils.py,11,6,45%
Lib\test\test_doctest2.py,33,14,58%
Lib\test\test_doctest.py,171,84,51%
Lib\test\test_docxmlrpc.py,111,110,1%
Lib\test\test_dtrace.py,100,51,49%
Lib\test\test_dynamic.py,94,78,17%
Lib\test\test_dynamicclassattribute.py,221,143,35%
Lib\test\test_eintr.py,13,3,77%
Lib\test\test_email\__init__.py,83,25,70%
Lib\test\test_email\test__encoded_words.py,113,60,47%
Lib\test\test_email\test__header_value_parser.py,1268,919,28%
Lib\test\test_email\test_asian_codecs.py,44,32,27%
Lib\test\test_email\test_contentmanager.py,424,338,20%
Lib\test\test_email\test_defect_handling.py,133,93,30%
Lib\test\test_email\test_email.py,3014,2994,1%
Lib\test\test_email\test_generator.py,148,103,30%
Lib\test\test_email\test_headerregistry.py,539,403,25%
Lib\test\test_email\test_inversion.py,36,16,56%
Lib\test\test_email\test_message.py,332,266,20%
Lib\test\test_email\test_parser.py,57,31,46%
Lib\test\test_email\test_pickleable.py,44,15,66%
Lib\test\test_email\test_policy.py,237,164,31%
Lib\test\test_email\test_utils.py,129,80,38%
Lib\test\test_email\torture_test.py,47,30,36%
Lib\test\test_embed.py,772,613,21%
Lib\test\test_ensurepip.py,189,137,28%
Lib\test\test_enum.py,3325,3313,1%
Lib\test\test_enumerate.py,219,146,33%
Lib\test\test_eof.py,59,45,24%
Lib\test\test_epoll.py,167,158,5%
Lib\test\test_errno.py,17,8,53%
Lib\test\test_exception_group.py,566,494,13%
Lib\test\test_exception_hierarchy.py,143,91,36%
Lib\test\test_exceptions.py,1779,1622,9%
Lib\test\test_extcall.py,9,3,67%
Lib\test\test_faulthandler.py,370,255,31%
Lib\test\test_fcntl.py,161,151,6%
Lib\test\test_file.py,227,183,19%
Lib\test\test_file_eintr.py,95,52,45%
Lib\test\test_filecmp.py,154,129,16%
Lib\test\test_fileinput.py,681,552,19%
Lib\test\test_fileio.py,455,348,24%
Lib\test\test_fileutils.py,19,11,42%
Lib\test\test_finalization.py,368,262,29%
Lib\test\test_float.py,1098,1087,1%
Lib\test\test_flufl.py,26,19,27%
Lib\test\test_fnmatch.py,119,97,18%
Lib\test\test_fork1.py,72,61,15%
Lib\test\test_format.py,444,411,7%
Lib\test\test_fractions.py,568,494,13%
Lib\test\test_frame.py,182,155,15%
Lib\test\test_frozen.py,34,25,26%
Lib\test\test_fstring.py,778,698,10%
Lib\test\test_ftplib.py,824,803,3%
Lib\test\test_funcattrs.py,308,258,16%
Lib\test\test_functools.py,2327,2302,1%
Lib\test\test_future3.py,18,8,56%
Lib\test\test_future4.py,7,2,71%
Lib\test\test_future5.py,13,5,62%
Lib\test\test_future.py,325,284,13%
Lib\test\test_gc.py,847,746,12%
Lib\test\test_gdb.py,374,357,5%
Lib\test\test_generator_stop.py,24,18,25%
Lib\test\test_generators.py,620,546,12%
Lib\test\test_genericclass.py,253,224,11%
Lib\test\test_genericpath.py,390,323,17%
Lib\test\test_genexps.py,12,4,67%
Lib\test\test_getargs2.py,906,738,19%
Lib\test\test_getopt.py,99,81,18%
Lib\test\test_getpass.py,109,73,33%
Lib\test\test_getpath.py,518,430,17%
Lib\test\test_gettext.py,395,301,24%
Lib\test\test_glob.py,294,253,14%
Lib\test\test_global.py,30,17,43%
Lib\test\test_graphlib.py,162,139,14%
Lib\test\test_grp.py,77,74,4%
Lib\test\test_gzip.py,633,526,17%
Lib\test\test_hash.py,199,108,46%
Lib\test\test_hashlib.py,744,725,3%
Lib\test\test_heapq.py,345,337,2%
Lib\test\test_hmac.py,338,260,23%
Lib\test\test_html.py,61,55,10%
Lib\test\test_htmlparser.py,287,213,26%
Lib\test\test_http_cookiejar.py,953,945,1%
Lib\test\test_http_cookies.py,282,278,1%
Lib\test\test_httplib.py,1460,1457,1%
Lib\test\test_httpservers.py,896,894,1%
Lib\test\test_idle.py,16,11,31%
Lib\test\test_imaplib.py,774,591,24%
Lib\test\test_imghdr.py,105,97,8%
Lib\test\test_imp.py,294,279,5%
Lib\test\test_import\__init__.py,943,917,3%
Lib\test\test_importlib\__init__.py,4,1,75%
Lib\test\test_importlib\abc.py,36,11,69%
Lib\test\test_importlib\builtin\__init__.py,4,1,75%
Lib\test\test_importlib\builtin\test_finder.py,52,51,2%
Lib\test\test_importlib\builtin\test_loader.py,66,65,2%
Lib\test\test_importlib\data01\__init__.py,0,0,100%
Lib\test\test_importlib\extension\__init__.py,4,1,75%
Lib\test\test_importlib\extension\test_case_sensitivity.py,33,28,15%
Lib\test\test_importlib\extension\test_finder.py,21,20,5%
Lib\test\test_importlib\extension\test_loader.py,183,181,1%
Lib\test\test_importlib\extension\test_path_hook.py,11,10,9%
Lib\test\test_importlib\fixtures.py,127,65,49%
Lib\test\test_importlib\frozen\__init__.py,4,1,75%
Lib\test\test_importlib\frozen\test_finder.py,150,149,1%
Lib\test\test_importlib\frozen\test_loader.py,175,174,1%
Lib\test\test_importlib\import_\__init__.py,4,1,75%
Lib\test\test_importlib\import_\test___loader__.py,53,47,11%
Lib\test\test_importlib\import_\test___package__.py,96,93,3%
Lib\test\test_importlib\import_\test_api.py,97,96,1%
Lib\test\test_importlib\import_\test_caching.py,55,54,2%
Lib\test\test_importlib\import_\test_fromlist.py,108,107,1%
Lib\test\test_importlib\import_\test_meta_path.py,87,86,1%
Lib\test\test_importlib\import_\test_packages.py,77,76,1%
Lib\test\test_importlib\import_\test_path.py,205,204,1%
Lib\test\test_importlib\import_\test_relative_imports.py,122,121,1%
Lib\test\test_importlib\namespace_pkgs\module_and_namespace_package\a_test.py,1,0,100%
Lib\test\test_importlib\resources\__init__.py,0,0,100%
Lib\test\test_importlib\resources\util.py,114,72,37%
Lib\test\test_importlib\source\__init__.py,4,1,75%
Lib\test\test_importlib\source\test_case_sensitivity.py,56,54,4%
Lib\test\test_importlib\source\test_file_loader.py,531,530,1%
Lib\test\test_importlib\source\test_finder.py,124,123,1%
Lib\test\test_importlib\source\test_path_hook.py,19,18,5%
Lib\test\test_importlib\source\test_source_encoding.py,94,93,1%
Lib\test\test_importlib\stubs.py,5,1,80%
Lib\test\test_importlib\test_abc.py,621,610,2%
Lib\test\test_importlib\test_api.py,323,322,1%
Lib\test\test_importlib\test_compatibilty_files.py,67,63,6%
Lib\test\test_importlib\test_contents.py,19,5,74%
Lib\test\test_importlib\test_files.py,29,11,62%
Lib\test\test_importlib\test_lazy.py,99,92,7%
Lib\test\test_importlib\test_locks.py,94,93,1%
Lib\test\test_importlib\test_main.py,166,153,8%
Lib\test\test_importlib\test_metadata_api.py,194,141,27%
Lib\test\test_importlib\test_namespace_pkgs.py,236,226,4%
Lib\test\test_importlib\test_open.py,54,32,41%
Lib\test\test_importlib\test_path.py,37,20,46%
Lib\test\test_importlib\test_pkg_import.py,57,40,30%
Lib\test\test_importlib\test_read.py,41,20,51%
Lib\test\test_importlib\test_reader.py,81,75,7%
Lib\test\test_importlib\test_resource.py,145,88,39%
Lib\test\test_importlib\test_spec.py,586,585,1%
Lib\test\test_importlib\test_threaded_import.py,169,130,23%
Lib\test\test_importlib\test_util.py,555,554,1%
Lib\test\test_importlib\test_windows.py,137,136,1%
Lib\test\test_importlib\test_zip.py,41,24,41%
Lib\test\test_importlib\util.py,275,227,17%
Lib\test\test_importlib\zipdata01\__init__.py,0,0,100%
Lib\test\test_importlib\zipdata02\__init__.py,0,0,100%
Lib\test\test_index.py,212,155,27%
Lib\test\test_inspect.py,2806,2771,1%
Lib\test\test_int.py,423,419,1%
Lib\test\test_int_literal.py,91,82,10%
Lib\test\test_interpreters.py,487,378,22%
Lib\test\test_io.py,3326,2811,15%
Lib\test\test_ioctl.py,66,60,9%
Lib\test\test_ipaddress.py,1543,1331,14%
Lib\test\test_isinstance.py,229,180,21%
Lib\test\test_iter.py,766,671,12%
Lib\test\test_iterlen.py,125,77,38%
Lib\test\test_itertools.py,1711,1484,13%
Lib\test\test_json\__init__.py,40,33,18%
Lib\test\test_keyword.py,25,14,44%
Lib\test\test_keywordonlyarg.py,134,105,22%
Lib\test\test_kqueue.py,185,177,4%
Lib\test\test_largefile.py,203,151,26%
Lib\test\test_launcher.py,355,291,18%
Lib\test\test_lib2to3.py,7,2,71%
Lib\test\test_linecache.py,184,132,28%
Lib\test\test_list.py,188,164,13%
Lib\test\test_listcomps.py,9,3,67%
Lib\test\test_lltrace.py,68,53,22%
Lib\test\test_locale.py,407,292,28%
Lib\test\test_logging.py,3017,2981,1%
Lib\test\test_long.py,983,893,9%
Lib\test\test_longexp.py,8,4,50%
Lib\test\test_lzma.py,1089,929,15%
Lib\test\test_mailbox.py,1569,1310,17%
Lib\test\test_mailcap.py,87,59,32%
Lib\test\test_marshal.py,470,438,7%
Lib\test\test_math.py,1444,1301,10%
Lib\test\test_memoryio.py,699,595,15%
Lib\test\test_memoryview.py,418,331,21%
Lib\test\test_metaclass.py,12,4,67%
Lib\test\test_mimetypes.py,233,186,20%
Lib\test\test_minidom.py,969,810,16%
Lib\test\test_mmap.py,673,589,12%
Lib\test\test_module.py,254,204,20%
Lib\test\test_modulefinder.py,120,73,39%
Lib\test\test_msilib.py,109,101,7%
Lib\test\test_multibytecodec.py,258,195,24%
Lib\test\test_multiprocessing_fork.py,13,6,54%
Lib\test\test_multiprocessing_forkserver.py,11,4,64%
Lib\test\test_multiprocessing_main_handling.py,153,101,34%
Lib\test\test_multiprocessing_spawn.py,8,2,75%
Lib\test\test_netrc.py,133,101,24%
Lib\test\test_nis.py,31,24,23%
Lib\test\test_nntplib.py,993,980,1%
Lib\test\test_ntpath.py,666,565,15%
Lib\test\test_numeric_tower.py,114,92,19%
Lib\test\test_opcache.py,17,14,18%
Lib\test\test_opcodes.py,99,97,2%
Lib\test\test_openpty.py,14,11,21%
Lib\test\test_operator.py,566,560,1%
Lib\test\test_optparse.py,808,533,34%
Lib\test\test_ordered_dict.py,770,756,2%
Lib\test\test_os.py,3004,2348,22%
Lib\test\test_ossaudiodev.py,130,122,6%
Lib\test\test_osx_env.py,20,10,50%
Lib\test\test_pathlib.py,2220,1948,12%
Lib\test\test_pdb.py,374,359,4%
Lib\test\test_peepholer.py,437,388,11%
Lib\test\test_peg_generator\__init__.py,8,2,75%
Lib\test\test_peg_generator\test_c_parser.py,157,104,34%
Lib\test\test_peg_generator\test_first_sets.py,76,44,42%
Lib\test\test_peg_generator\test_grammar_validator.py,29,17,41%
Lib\test\test_peg_generator\test_pegen.py,345,275,20%
Lib\test\test_pep646_syntax.py,8,4,50%
Lib\test\test_pickle.py,380,366,4%
Lib\test\test_picklebuffer.py,112,91,19%
Lib\test\test_pickletools.py,47,43,9%
Lib\test\test_pipes.py,140,132,6%
Lib\test\test_pkg.py,144,122,15%
Lib\test\test_pkgutil.py,400,337,16%
Lib\test\test_platform.py,269,215,20%
Lib\test\test_plistlib.py,439,335,24%
Lib\test\test_poll.py,178,164,8%
Lib\test\test_popen.py,40,25,38%
Lib\test\test_poplib.py,380,364,4%
Lib\test\test_positional_only_arg.py,345,307,11%
Lib\test\test_posix.py,1411,1405,1%
Lib\test\test_posixpath.py,523,415,21%
Lib\test\test_pow.py,127,115,9%
Lib\test\test_pprint.py,477,349,27%
Lib\test\test_print.py,115,93,19%
Lib\test\test_profile.py,114,112,2%
Lib\test\test_property.py,249,155,38%
Lib\test\test_pstats.py,86,82,5%
Lib\test\test_pty.py,293,290,1%
Lib\test\test_pulldom.py,239,200,16%
Lib\test\test_pwd.py,77,73,5%
Lib\test\test_py_compile.py,195,127,35%
Lib\test\test_pyclbr.py,150,144,4%
Lib\test\test_pydoc.py,826,802,3%
Lib\test\test_pyexpat.py,448,343,23%
Lib\test\test_queue.py,457,447,2%
Lib\test\test_quopri.py,90,53,41%
Lib\test\test_raise.py,391,338,14%
Lib\test\test_random.py,817,699,14%
Lib\test\test_range.py,521,484,7%
Lib\test\test_re.py,1883,1688,10%
Lib\test\test_readline.py,188,163,13%
Lib\test\test_regrtest.py,770,756,2%
Lib\test\test_repl.py,57,38,33%
Lib\test\test_reprlib.py,289,226,22%
Lib\test\test_resource.py,126,118,6%
Lib\test\test_richcmp.py,245,194,21%
Lib\test\test_rlcompleter.py,105,86,18%
Lib\test\test_robotparser.py,188,183,3%
Lib\test\test_runpy.py,546,455,17%
Lib\test\test_sax.py,1038,1031,1%
Lib\test\test_sched.py,180,152,16%
Lib\test\test_scope.py,463,414,11%
Lib\test\test_script_helper.py,93,65,30%
Lib\test\test_secrets.py,81,63,22%
Lib\test\test_select.py,78,52,33%
Lib\test\test_selectors.py,393,321,18%
Lib\test\test_set.py,1610,1194,26%
Lib\test\test_setcomps.py,9,3,67%
Lib\test\test_shelve.py,162,103,36%
Lib\test\test_shlex.py,163,130,20%
Lib\test\test_shutil.py,1934,1591,18%
Lib\test\test_signal.py,527,376,29%
Lib\test\test_site.py,415,394,5%
Lib\test\test_slice.py,174,150,14%
Lib\test\test_smtpd.py,697,685,2%
Lib\test\test_smtplib.py,1077,1049,3%
Lib\test\test_smtpnet.py,72,51,29%
Lib\test\test_sndhdr.py,25,20,20%
Lib\test\test_socket.py,4171,2922,30%
Lib\test\test_socketserver.py,342,248,27%
Lib\test\test_sort.py,262,230,12%
Lib\test\test_source_encoding.py,161,116,28%
Lib\test\test_spwd.py,60,56,7%
Lib\test\test_sqlite3\__init__.py,10,2,80%
Lib\test\test_sqlite3\test_backup.py,126,104,17%
Lib\test\test_sqlite3\test_dbapi.py,1122,1107,1%
Lib\test\test_sqlite3\test_dump.py,31,23,26%
Lib\test\test_sqlite3\test_factory.py,222,177,20%
Lib\test\test_sqlite3\test_hooks.py,171,167,2%
Lib\test\test_sqlite3\test_regression.py,280,273,2%
Lib\test\test_sqlite3\test_transactions.py,233,230,1%
Lib\test\test_sqlite3\test_types.py,388,293,24%
Lib\test\test_sqlite3\test_userfunctions.py,598,588,2%
Lib\test\test_ssl.py,3275,3256,1%
Lib\test\test_stable_abi_ctypes.py,10,3,70%
Lib\test\test_startfile.py,24,10,58%
Lib\test\test_stat.py,153,144,6%
Lib\test\test_statistics.py,1807,1783,1%
Lib\test\test_strftime.py,104,85,18%
Lib\test\test_string.py,364,316,13%
Lib\test\test_string_literals.py,168,139,17%
Lib\test\test_stringprep.py,44,39,11%
Lib\test\test_strptime.py,439,411,6%
Lib\test\test_strtod.py,170,148,13%
Lib\test\test_struct.py,510,452,11%
Lib\test\test_structmembers.py,90,65,28%
Lib\test\test_structseq.py,102,83,19%
Lib\test\test_subclassinit.py,211,190,10%
Lib\test\test_subprocess.py,1996,1630,18%
Lib\test\test_sunau.py,89,20,78%
Lib\test\test_sundry.py,44,36,18%
Lib\test\test_super.py,227,179,21%
Lib\test\test_support.py,432,339,22%
Lib\test\test_symtable.py,159,117,26%
Lib\test\test_syntax.py,184,140,24%
Lib\test\test_sys.py,1053,923,12%
Lib\test\test_sys_setprofile.py,254,195,23%
Lib\test\test_sysconfig.py,319,307,4%
Lib\test\test_syslog.py,25,23,8%
Lib\test\test_tabnanny.py,165,121,27%
Lib\test\test_tarfile.py,1923,1492,22%
Lib\test\test_tcl.py,563,551,2%
Lib\test\test_telnetlib.py,285,216,24%
Lib\test\test_tempfile.py,1087,908,16%
Lib\test\test_textwrap.py,453,362,20%
Lib\test\test_thread.py,199,158,21%
Lib\test\test_threadedtempfile.py,36,19,47%
Lib\test\test_threading.py,878,705,20%
Lib\test\test_threading_local.py,150,117,22%
Lib\test\test_threadsignals.py,141,132,6%
Lib\test\test_time.py,684,626,8%
Lib\test\test_timeit.py,239,168,30%
Lib\test\test_timeout.py,149,107,28%
Lib\test\test_tix.py,24,16,33%
Lib\test\test_tk.py,12,5,58%
Lib\test\test_tokenize.py,708,705,1%
Lib\test\test_tomllib\__init__.py,6,1,83%
Lib\test\test_tomllib\burntsushi.py,70,61,13%
Lib\test\test_tomllib\test_data.py,43,22,49%
Lib\test\test_tomllib\test_error.py,35,27,23%
Lib\test\test_tomllib\test_misc.py,50,36,28%
Lib\test\test_tools\__init__.py,30,6,80%
Lib\test\test_tools\test_fixcid.py,44,30,32%
Lib\test\test_tools\test_freeze.py,19,6,68%
Lib\test\test_tools\test_gprof2html.py,24,13,46%
Lib\test\test_tools\test_i18n.py,179,137,23%
Lib\test\test_tools\test_lll.py,24,12,50%
Lib\test\test_tools\test_md5sum.py,63,41,35%
Lib\test\test_tools\test_pathfix.py,57,39,32%
Lib\test\test_tools\test_pdeps.py,19,8,58%
Lib\test\test_tools\test_pindent.py,102,78,24%
Lib\test\test_tools\test_reindent.py,21,9,57%
Lib\test\test_tools\test_sundry.py,34,17,50%
Lib\test\test_trace.py,309,229,26%
Lib\test\test_traceback.py,1529,1482,3%
Lib\test\test_tracemalloc.py,654,560,14%
Lib\test\test_ttk_guionly.py,27,20,26%
Lib\test\test_ttk_textonly.py,185,181,2%
Lib\test\test_tuple.py,264,227,14%
Lib\test\test_turtle.py,261,255,2%
Lib\test\test_type_annotations.py,84,77,8%
Lib\test\test_type_cache.py,32,26,19%
Lib\test\test_type_comments.py,160,119,26%
Lib\test\test_typechecks.py,48,32,33%
Lib\test\test_types.py,1603,1458,9%
Lib\test\test_typing.py,4730,4717,1%
Lib\test\test_ucn.py,128,123,4%
Lib\test\test_unary.py,39,30,23%
Lib\test\test_unicode.py,1812,1643,9%
Lib\test\test_unicode_file.py,86,71,17%
Lib\test\test_unicode_file_functions.py,108,73,32%
Lib\test\test_unicode_identifiers.py,25,19,24%
Lib\test\test_unicodedata.py,248,246,1%
Lib\test\test_unittest.py,8,3,62%
Lib\test\test_univnewlines.py,90,81,10%
Lib\test\test_unpack.py,19,11,42%
Lib\test\test_unpack_ex.py,9,3,67%
Lib\test\test_unparse.py,378,283,25%
Lib\test\test_urllib2.py,1180,1174,1%
Lib\test\test_urllib2_localnet.py,454,449,1%
Lib\test\test_urllib2net.py,209,203,3%
Lib\test\test_urllib.py,1016,1014,1%
Lib\test\test_urllib_response.py,45,33,27%
Lib\test\test_urllibnet.py,123,115,7%
Lib\test\test_urlparse.py,846,761,10%
Lib\test\test_userdict.py,150,134,11%
Lib\test\test_userlist.py,55,40,27%
Lib\test\test_userstring.py,39,27,31%
Lib\test\test_utf8_mode.py,158,124,22%
Lib\test\test_utf8source.py,24,17,29%
Lib\test\test_uu.py,161,128,20%
Lib\test\test_uuid.py,394,380,4%
Lib\test\test_venv.py,358,287,20%
Lib\test\test_wait3.py,36,27,25%
Lib\test\test_wait4.py,27,19,30%
Lib\test\test_wave.py,105,37,65%
Lib\test\test_weakref.py,1524,1327,13%
Lib\test\test_weakset.py,398,332,17%
Lib\test\test_webbrowser.py,188,115,39%
Lib\test\test_winconsoleio.py,139,113,19%
Lib\test\test_winreg.py,297,240,19%
Lib\test\test_winsound.py,90,52,42%
Lib\test\test_with.py,592,485,18%
Lib\test\test_wsgiref.py,474,470,1%
Lib\test\test_xdrlib.py,54,41,24%
Lib\test\test_xml_dom_minicompat.py,91,72,21%
Lib\test\test_xml_etree.py,2428,2122,13%
Lib\test\test_xml_etree_c.py,163,156,4%
Lib\test\test_xmlrpc.py,998,990,1%
Lib\test\test_xmlrpc_net.py,18,14,22%
Lib\test\test_xxlimited.py,67,63,6%
Lib\test\test_xxtestfuzz.py,17,13,24%
Lib\test\test_yield_from.py,660,620,6%
Lib\test\test_zipapp.py,299,248,17%
Lib\test\test_zipfile64.py,95,72,24%
Lib\test\test_zipfile.py,2289,1875,18%
Lib\test\test_zipimport.py,563,460,18%
Lib\test\test_zipimport_support.py,123,108,12%
Lib\test\test_zlib.py,614,499,19%
Lib\test\test_zoneinfo\__init__.py,1,0,100%
Lib\test\test_zoneinfo\_support.py,55,27,51%
Lib\test\test_zoneinfo\test_zoneinfo.py,1063,1041,2%
Lib\test\tracedmodules\__init__.py,0,0,100%
Lib\test\tracedmodules\testmod.py,5,3,40%
Lib\timeit.py,168,145,14%
Lib\tkinter\__init__.py,1968,1944,1%
Lib\tkinter\constants.py,73,0,100%
Lib\tomllib\__init__.py,3,0,100%
Lib\tomllib\_parser.py,458,397,13%
Lib\tomllib\_re.py,35,20,43%
Lib\tomllib\_types.py,4,0,100%
Lib\trace.py,411,367,11%
Lib\tracemalloc.py,347,244,30%
Lib\tty.py,25,24,4%
Lib\turtle.py,1757,1754,1%
Lib\unittest\__init__.py,23,4,83%
Lib\unittest\async_case.py,55,34,38%
Lib\unittest\case.py,762,564,26%
Lib\unittest\loader.py,293,234,20%
Lib\unittest\main.py,162,133,18%
Lib\unittest\mock.py,1556,1247,20%
Lib\unittest\result.py,148,107,28%
Lib\unittest\runner.py,197,165,16%
Lib\unittest\signals.py,48,35,27%
Lib\unittest\suite.py,256,204,20%
Lib\unittest\test\__init__.py,20,13,35%
Lib\unittest\test\support.py,89,58,35%
Lib\unittest\test\test_assertions.py,212,165,22%
Lib\unittest\test\test_async_case.py,285,262,8%
Lib\unittest\test\test_break.py,209,168,20%
Lib\unittest\test\test_case.py,1270,1123,12%
Lib\unittest\test\test_discovery.py,585,576,2%
Lib\unittest\test\test_functiontestcase.py,70,58,17%
Lib\unittest\test\test_loader.py,899,789,12%
Lib\unittest\test\test_program.py,324,256,21%
Lib\unittest\test\test_result.py,973,865,11%
Lib\unittest\test\test_runner.py,909,847,7%
Lib\unittest\test\test_setups.py,422,397,6%
Lib\unittest\test\test_skipping.py,446,417,7%
Lib\unittest\test\test_suite.py,254,210,17%
Lib\unittest\util.py,124,103,17%
Lib\venv\__init__.py,298,270,9%
Lib\wave.py,385,309,20%
Lib\webbrowser.py,417,322,23%
Lib\xdrlib.py,170,108,36%
Lib\xmlrpc\__init__.py,0,0,100%
Lib\xmlrpc\client.py,721,714,1%
Lib\xmlrpc\server.py,418,417,1%
Lib\zipapp.py,105,84,20%
Lib\zoneinfo\__init__.py,14,4,71%
Lib\zoneinfo\_common.py,70,61,13%
Lib\zoneinfo\_tzpath.py,85,61,28%
Programs\test_frozenmain.py,7,0,100%
Tools\c-analyzer\c_analyzer\__init__.py,48,38,21%
Tools\c-analyzer\c_analyzer\__main__.py,297,259,13%
Tools\c-analyzer\c_analyzer\analyze.py,214,196,8%
Tools\c-analyzer\c_analyzer\datafiles.py,54,37,31%
Tools\c-analyzer\c_analyzer\info.py,234,175,25%
Tools\c-analyzer\c_analyzer\match.py,114,98,14%
Tools\c-analyzer\c_common\__init__.py,1,0,100%
Tools\c-analyzer\c_common\clsutil.py,68,47,31%
Tools\c-analyzer\c_common\fsutil.py,282,248,12%
Tools\c-analyzer\c_common\iterutil.py,41,38,7%
Tools\c-analyzer\c_common\logging.py,28,19,32%
Tools\c-analyzer\c_common\misc.py,6,1,83%
Tools\c-analyzer\c_common\scriptutil.py,447,393,12%
Tools\c-analyzer\c_common\strutil.py,28,23,18%
Tools\c-analyzer\c_common\tables.py,244,215,12%
Tools\c-analyzer\c_parser\__init__.py,44,35,20%
Tools\c-analyzer\c_parser\__main__.py,145,120,17%
Tools\c-analyzer\c_parser\datafiles.py,79,61,23%
Tools\c-analyzer\c_parser\info.py,1126,826,27%
Tools\c-analyzer\c_parser\match.py,113,92,19%
Tools\c-analyzer\c_parser\parser\__init__.py,63,55,13%
Tools\c-analyzer\c_parser\parser\_info.py,130,103,21%
Tools\c-analyzer\c_parser\parser\_regexes.py,35,0,100%
Tools\c-analyzer\c_parser\preprocessor\__init__.py,95,74,22%
Tools\c-analyzer\c_parser\preprocessor\__main__.py,78,61,22%
Tools\c-analyzer\c_parser\preprocessor\common.py,85,67,21%
Tools\c-analyzer\c_parser\preprocessor\errors.py,72,49,32%
Tools\c-analyzer\c_parser\preprocessor\gcc.py,59,47,20%
Tools\c-analyzer\c_parser\preprocessor\pure.py,12,9,25%
Tools\c-analyzer\c_parser\source.py,45,36,20%
Tools\c-analyzer\cpython\__init__.py,5,0,100%
Tools\c-analyzer\cpython\__main__.py,200,172,14%
Tools\c-analyzer\cpython\_analyzer.py,213,173,19%
Tools\c-analyzer\cpython\_capi.py,373,322,14%
Tools\c-analyzer\cpython\_files.py,39,31,21%
Tools\c-analyzer\cpython\_parser.py,36,12,67%
Tools\clinic\clinic.py,2840,2206,22%
Tools\clinic\cpp.py,109,95,13%
Tools\freeze\test\freeze.py,122,99,19%
Tools\peg_generator\pegen\__init__.py,0,0,100%
Tools\peg_generator\pegen\ast_dump.py,52,50,4%
Tools\peg_generator\pegen\build.py,136,112,18%
Tools\peg_generator\pegen\c_generator.py,538,455,15%
Tools\peg_generator\pegen\first_sets.py,91,63,31%
Tools\peg_generator\pegen\grammar.py,231,130,44%
Tools\peg_generator\pegen\grammar_parser.py,290,237,18%
Tools\peg_generator\pegen\grammar_visualizer.py,43,29,33%
Tools\peg_generator\pegen\parser.py,246,201,18%
Tools\peg_generator\pegen\parser_generator.py,246,180,27%
Tools\peg_generator\pegen\python_generator.py,228,181,21%
Tools\peg_generator\pegen\sccutils.py,49,45,8%
Tools\peg_generator\pegen\testutil.py,83,56,33%
Tools\peg_generator\pegen\tokenizer.py,83,66,20%
Tools\peg_generator\pegen\validator.py,27,15,44%
Tools\peg_generator\scripts\__init__.py,0,0,100%
Tools\peg_generator\scripts\test_parse_directory.py,93,63,32%
Tools\peg_generator\scripts\test_pypi_packages.py,53,32,40%
TOTAL,330617,290105,12%
